Lexeme	Alibeglo1	Arkhit1	Arkhit2	Arkhit3	Arkhit4	Arkhit5	Arkhit6	Bezhta1	D_Agul	D_Arabic	D_Avar	D_Azerbaijani	D_Bezhta1	D_Botlikh	D_Chechen	D_Gagatli	D_Georgian	D_Hinuq	D_Karata	D_Kumyk	D_Lezgian	D_Russian	D_Rutul	D_Tabasaran	D_Tsez	Darvag1	Darvag2	Darvag3	Darvag4	Darvag5	Darvag6	Dyubek1	Dyubek2	Dyubek3	Dyubek4	Dzhavgat1	Dzhavgat2	Dzhavgat3	Dzhavgat4	Dzhibakhni1	Dzhibakhni2	Dzhibakhni3	Dzhibakhni4	Helmets1	Helmets2	Helmets3	Ikhrek1	Ikhrek2	Ikhrek3	Ikhrek4	Ilisu1	Karata1	Karata2	Karata3	Karata4	Khapil1	Khapil2	Khapil3	Khapil4	Khapil5	Khiv1	Khiv2	Khiv3	Khiv4	Khlut1	Khlut2	Khlut3	Khlut4	Khlut5	Khoredzh1	Khoredzh2	Khoredzh3	Khoredzh4	Khoredzh5	Khoredzh6	Khutkhul1	Khutkhul2	Khutkhul3	Khutkhul4	Kiche1	Kiche2	Kidero1	Kidero2	Kidero3	Kina1	Kina2	Kina3	Kurag1	Laka1	Laka2	Laka3	Laka4	Laka5	Laka6	Meshabash1	Meshabash2	Mikik1	Mikik2	Qax1	Qax2	Qax3	Qax4	Qax5	Qax6	Qax7	Qax8	Qax9	Qum1	Qum2	Rikvani1	Rutul1	Tad-Magitl1	Tad-Magitl2	Tatil1	Tatil2	Tatil3	Tatil4	Tatil5	Tpig1	Tsinit1	Tsinit2	Tsinit3	Tsinit4	Tsinit5	Tukita1	Yagdyg1	Yagdyg2	Yagdyg3	Yagdyg4	Yagdyg5	Yagdyg6	Yersi1	Yersi2	Yersi3	Yersi4	Zilo1	Zilo2	D_Persian	D_Archi	D_Bezhta2	Tlibisho1	Tlibisho2	Tlibisho3	Tlibisho4	D_Bagvalal	Kusur1
the ant	1	23	23	23	23	23	23	2	6	4 4	20	5	2	14	9	14	1	17	14	13	23	16	8	6	17	5	5	5	5 5	5	5	19	19	10	19	6	6	6	6	6	6	6	6	6	6	6	8	8	8	8	5	14	14	14	14	19	15	19	19	19	6	6	6	6	22	22	NA	22	22	6	6	6	6	6	6	6	6	6	6	8	8	17	17	17	8	8	8	6	6	6	6	6	6	6	1	1	5	5	NA	5	5	1	1	1	5	5	5	NA	NA	14	8	20	11	19	19	19	19	19	6	23	23	23	23	23	11	19	19	19	19	19	19	5	5	5	12	14	14	3	6	2	14	NA	14	14	24	20
the arch	2 5	2	NA	2	1	2	NA	2	1	4	13 3	5	3	3	16	3	5	3	3	14	NA	2	6 1	1	3	2	2 5	2	2 2	2	2	10	2	2	2	2	8	2	2	8	NA	NA	2	5	NA	2	5	2	1	5	5	3	12 3 3	3	15 17	2	2	NA	2	2	1	NA	NA	1	1	1	2	1	NA	2	11	NA	2	NA	2	NA	1	1	1	1	1	2	3	3	9	1	1	1	1	1	1	1	1	1	2 5	2 5	NA	NA	2	5	2	2 5	2 5	2	2 5	5	2	5	5	3	1	NA	3	NA	NA	NA	2	1	1	2	NA	2	2	2	7	NA	2	NA	NA	1 2	5	18	2	2	2	3	3	5	3	3	3	3	3	NA	3	2
the axe/ax	5	13	13	13	13	13	13	4	13	2 6	10	1	4	NA	12	NA	5	14 4	8	1	13	6	1	13	11	1	1	1	1 1	1	1	13	13	13	13	9	9	9	9	9	9	9	9	13	13	13	1	1	1	1	1	8	8	8	8	13	13	13	13	13	13	13 13	13	13	3	3	3	3	3	13	13	13	13	13	13	13	13	13	13	1	1	11	11	11	1	1	1	13	13	13	13	13	13	13	5	5	13	13	1	1	1	6 5	6 5	6 5	1	1	1	13	13	NA	1	8	8	13	13	13	13	13	13	13	13	13	13	13	8	13	13	13	13	13	13	1	1	1	1	1	NA	2 3 6 7	6	4	8	8	8	8	8	NA
the ball	1	2	2	2	2	2	2	10	6 2	3	13	2	NA	8	5	13	1	9 13	12	2	2	11 4	2	2	2	2	2	2 4	2 2	2	2	2	2	2	2	11	11 2	11	11	2	2	2	2	2	2	2	2	2	2	2	2	12	12 12	12	12	2	2	2	2	2	2	2	2	2	2	2	2	2	2	2	2	2	2	2	2	2	2	2	2	2	2	9	9	NA	2	2	2	2	2	2	2	2	2	2	1	1	2	2	2	2	2	1	1 2	1	2	2	2	2	2	13	2	7	7	2	2	2	2	2	2	2	2	2	2	2	13	2	2	2	2	2	2	2	2	2	2	13	13	2 2	2	4	14	NA	14	14	14	2
the barrel	2	2 3	2	3	2	2 3	2	2	2 3	1	22	13	NA	2	22	NA	4	17	2	2	21	2	NA	3	2	2	2 13	2	2 2 3	3	3	3	3	2 3	3	2	22	2	22	22	22	22	22	2	2	2	2	2	2	2	2	2	2	2	2	3	3	2 3	3	3	2 3	3	3	3	12 20	2	10	2	12	2 3	3	11 15 3	3	3	2 11 15 18 3	2	2 3	2	2	2	2	2	2	16	2	2	2	NA	3	3	3	3	2	3	2	2	19	2	2	2	2	2	2	2	3	2	2	2	14 2	NA	2	NA	2	NA	3	3	3	2	2 3	2	2	3	2	3	2	NA	2 3	3	3	3	2	3	3	3	2	2	3	1 2 3 5 6 7 8 9	NA	NA	NA	22	22	22	22	NA
the bat	5	25	25	25	25	25	25	NA	NA	3	18 24	8	4	18	NA	33	7	21	14	10 16	25	27	35	38 38	26	30	19	30	30 30	19	19	37	NA	37	37	17	17	17	17	17	32	9	34	44	NA	44	25 36	NA	NA	25 36	8	14	14	14	14	38	38	38	38	38	40	40	NA	40	35	35	NA	35	35	38	38	38	38	38	38	13	31	12	27	22	35	26	NA	26	29	29	NA	38	38	38	38	38	38	38	5	5	38	38 42	8	8	8	7	5	7	8	8	8	41	NA	33	NA	NA	NA	38	38	38	38	38	11	25	25	25	25	25	23 43	38	38	38	38	38	39	15	20	NA	15	28	28	1 2 3 6	45	4	45	45	45	45	46	23
the beak	7	22	22	22	33	22	22	5	22	4 4	13	1	5	13	19	13	7	28	34	12 22	22	24	22	16	11	1	1	1	1 1	1	1	14	NA	14	18	NA	35	NA	35	35	35	32	35	11	11	11	22	11 22	22	22	1	34	34	34	34	14	14	26	14	14	16	15	16	16	22	22	NA	22	22	16	16	16	16	16	16	NA	30	32	32	22	22	17	17	11	22	22	22	23	16	16	16	16	16	16	7	7	22	22	1	1	1	9	9	7	1	1	1	22	29	27	22	29	29	14	16	14	14	14	32	22	22	22	22	22	13	14	31	14	14	14	14	1	1	1	20	21	21	2 4 8 10	6	5	34	34	34	NA	36	37
the beard	5 6	14	14	14	14	14	14	1	3	2	12	5	1	12	11	12	6	1 9 10 13	12	5	14	8	3	3	13	5	5	5	5 16	5	5	5	3	3	5	3	3	3	3	3	3	3	3	5	5	5	3	3	3	3	5	12	12	12	12	5	5	5	5	5	3	3	3	3	14	14	14	14	14	3	3	3	3	3	3	3	3	3	3	3	3	10	13	13	3	3	3	3	3	3	3	3	3	3	5	5	5	5	5	5	5	6	5	5	5	5	5	3	NA	12	3	NA	17	5	5	5	5	5	3	14	14	14	14	14	12	5	5	5	5	5	5	5	5	5	5	12	12	15 4 7	3	1	12	12	12	12	NA	12
the beeswax	7	6	2	2	2	2 6	NA	NA	14 2	6	19 18	2	NA	1	9	1	5	18	1	9	2	10	2	14	18	6	6	NA	6	6	6	14	NA	14	14	NA	15	NA	15	15	15	15	12	16	16	16	2	2	2	2	2	1	1	1	1	6	6	6	6	6	14	NA	14	14	2	6	NA	6	2	14	14	14	14	14	14	13	6	2	6	2	2	18	NA	18	2	14	2	2	14	14	14	14	14	14	5	5	16	16	NA	2	2	7	7	7	2	2	2	NA	NA	1	NA	11	11	NA	14	14	17	17	14	2	2 6	2	2	2	18	NA	14	NA	6	6	14	6	2 6	6	NA	1	1	3 2 6	8	NA	1	1	1	1	1	NA
the belt	4	30	30	30	30	30	30	29	30	3	15 24 28 30	6	NA	NA	16	17	4	11 12 17 20 24 30	24	13 6	30	21 8	30	15 30	24	6	6	6	6 6	4	4	30	30	30	30	22	22	22	22	22	22	22	22	19	19	19	18	30	30	18	4	24	24	24	24	30	30	30	30	30	30	30	30	30	30	30	NA	30	30	30	30	30	30	8 30	30	26	30	30	30	30	30	31	12	12	30	30	30	30	30	30	30	30	30	30	4	4	19	19	4 8	4	4	4	4	4	4	4	4 8	14 16 32	4	NA	30	23	23	30	30	30	30	30	30	30	30	30	30	30	24	30	30	30	30	30	30	6	6	6	15	NA	NA	1 2 4 9	5	10	31	NA	31	31	32	NA
the blanket	1 3	1	1	1	3	1	3	3	5	2 5	1 3	3	3	1	1	3	6	1 11	1 3	12 13 13 3	3	1	1 3	5	1 11	3	1	1	1 1 3 3	3	3	5	5 1	5 1	5	3	1 3	1 3	3	3	1 3	1 3	3	1 3	3	3	3	3	3	3	1 3	3	3	3	1	5	1 5	5	5	5	5	5	5	5	3	3	1	3	3	5	1 5	5	5 1	5	5	5	1	5	1	1 3	1 3	11	11	11	3	1	3	1 5	1 5	5	5	5	5 1	1 5	4 7	3	3	1	3	3	3	1 10	1 10	1 3	1 8 3	3	3	1 3	1 3	3	3	14	1	5	5	5	5	5	5	3	NA	3	1 3	3	1 3	NA	5	5	1 5	5	1	3	1 3	3	3	3	NA	9	3	1 3	3	NA	3	3	15 3	1
the blister	4	30	21	30 31	24	30	NA	6	24	5	15 28	9	3 6	16	26	7	1	12 19	16 28	25	8	4	21	21 22 22	7	8	8	8	8 8	18	18	22	22	22	22	4	28	28	28	28	28	28	28	8	NA	8	27	27	27	27	8	28	28	28	28	22	22	22	22	22	22	22	22	22	24	24	NA	24	24	22	22	22	22	22	22	24	29	32	29	14	14	NA	NA	4	NA	NA	29	24	22	22	22	22	20	22	4	4	33	8	NA	8	4 8	4	4	4	2	8	4	4	NA	7	14	17	13	22	22	22	22	22	24	24	NA	8	24	8	4	22	22	22	22	22	22	8	8	8	8	7	16	10	7	3	7	NA	7	7	34	8
the boar	9	6	6	17	17	6	17	15	17	4	12 6	6	NA	12	19	20	NA	NA	12 6	6	17	13 21 6	6 6	10 10	NA	6	2	6	2 6 6	2	2	6 10	10	6	10	18	18	18	18	18	18	18	18	6	6	17	2	2	2	6	2 6	6	6	6	NA	10	10	10	10	10	10	10	10	10	17 6	17	17	17	17	10	10	10	10	10	10	17	14	17	14	2	6	11	11	11	6	2	2	14	10	10	10	10	10	10	9	9	6	6	6	6	2 6	7	7	7	2 6	6	2 6	6	NA	20	6	12	12	10	10	10	10	10	17	17	17 6	17	17	17	6	10	10	10	10	10	10	6	2 6	6	2	NA	20	1 3 5 8	6	9	12	6	12	12	19 6	NA
the body	10	13	13	13	13	13	2 13	16	13	4 5	14 3	2	8	NA	12	3	10	14 14 6 6	6 3	14	2 4 13	17	NA	2 13	11	13	13	13	13 13	13	13	13	13	13	13	18	18 3	18	3	18	18	3	18	2 13	13	13	13	13	13	NA	2	14	3	14	14	13	13	13	13	13	13	13	13	13	2 13	13	13	13 13	2 4 13	13	13	13	13	13	13	13	13	13	13	2	13	6	6	6	2	2	13	13	13	13 13	13	13	13	13	10	10	13	13	2	2 7	2	9 10	10	10	2	2	2	13	NA	NA	13	14	14	13	13	13	13	13	13	13	13	13	13	13	14	13	13	13	13	13	13	13	13	2 13	13 13	NA	NA	1 2 10	3	6 8	14 6	14 6	14	14	14 6	NA
the bottle	5	3	3	3	3	3	3	5	5	8	5	5	5	9	5	NA	1	5	5	5	5	3	5	3	5	5	3	3	3 3	3	3	3	3	3	3	5	5	5	5	5	5	5	5	3	3	5	5	5	5	5	3 5	5	5	5	5	3	3	3 5	3	3	3	3	3	3	5	5	5	NA	5	3	3	3	3	3	3	5	5	3	5	5	5	5	5	5	5	5	5	5	3	3	3	3	3	3 3	3	5	3	3	5	5	3	5	5	5	3 5	5	5	5	5	NA	5	NA	5	NA	3	3	3 5	3	5	5	3 5	3 5	3 5	3	5	3	5	3	3	3	3	5	5	3 5	3 5	NA	NA	2 4 6 7	5	5	5	5	5	5	5	NA
the boundary	11	2	2	16 2	2	2	17 2	14	12 1 20	4	14	2	NA	25	1	1	11	14 14 21 22 22 26	14 28	1	17 2	16 24	2	2 19 2	14	16	16 2	2 31	2 16 18	16	16	1	NA	1	16	16	1	1	1	16	1	1	1	2	2	2	2	2	2	2	2	NA	NA	NA	NA	1	1	27	16 1	1	19	2	19	19 2	2	2	2	2	17 2	19	19	19	19	NA	19	NA	NA	19	16	2	2	14	14	14	2	2	2	29	2	2	2	19	19	2	11	11	15 2	13	2	2	2	11	11	11	2	2	2	2	2	9	2	14	14	1	1	1	1	1	1	2	30	2	2	2	14	1	NA	1	1 2	1	23	2 15	2	16	NA	1	1	3 5 6 7 8 10 11	1	9	14	14 32	14	14	14	2
the bow	3	13	13	13	13	13	13	25	23 32	6	7 33	NA	NA	24	NA	20	NA	NA	15	14 17	NA	19	5	1 2	NA	5	5	5	5 5	5	5	2	NA	13	2	27	12 21	27	12 21	10	35	35	12	NA	NA	34	5	5	16 5	16	5	24	24	24	24	13	2	13	13	2	13	13	13	21 13	28	28	28	28	13	13	22	18	13 22	13	18	23	23	23	9 23	5	5	NA	26	26	5	5	5	23 35	13	13	13	2	13	13	3	3	NA	5 5	5 5	5	5	3	3	3	5	5	5 5	NA	NA	11	NA	NA	31	2	2	2	2	2	23	13	13	13	28	13	8	2	2	2	2	2	2	5	5	5	5	NA	26	4	NA	NA	37	NA	37	37	36	5
the bracelet	8 13	8	29	29	29 31	8	29	4	9	10 15	20	7	4	NA	27	NA	13	6	20	7	29	8	8 26	1	6	7	7	7	7 8	30	30	1	NA	1	8	NA	16	NA	NA	16	16	16	16	11	21	22	25	25 26	24	NA	11	20	20	NA	20	19	1 8	8	8	8 30	1	NA	1	1	29	29	NA	29	29	8	28	1	8	1	1	9	18	9	9	NA	26	8	8	30	31	23	NA	9	NA	1	1	1	1	NA	12	12	11	11	11	11	11	8	8	8 13	7 11	11	11	NA	NA	NA	26	NA	NA	1	1	8	30	NA	9	29	29	29	8 29	29	20	19	19	19	1	NA	8	8	17	NA	8	20	NA	2 32 3 5 14	9	4	20	20	NA	20	20	NA
the bridge	5	16	14	14	16	16	16	7	16	1	11	3	7	8	17	8	5	13	8	3	18	15	8	8	10 12	3	3	3	3 3	3	3	8	8	8	8	20	20	20	20	20	20	20	20	19	9	9	8	8	8	8	3	8	8	8	8	8	8	8	8	8	8	8	8	8	16	16	NA	NA	16	8	8	8	8	8	8	15	16	16	16	8	8	12	12	12	8	8	8	16	8	8	8	8	8	8	5	5	9	9	3	3	3	5	5	5	3	3	3	9	9	NA	8	8	8	8	8	8	8	8	16	16	16	16	16	16	8	8	8	8	8	8	8	3	3	15	3	8	8	1 2 2 4	6	7	8	NA	8	8	8	21
the broom	10	15	15	15	15	15	15	5	4	3 3	13	9	5	11	21	16	10	20	24	22	15	18	17 4 26	4	19	9	9	9	9 9	9	9	4	4	4	4	4	4	4	4	4	4	4	4	26	27	26	4	26	4	4	9	12 18 24 28	24 28	NA	28	4	4	4	4	4	4	4	4	4	15	15	NA	15	15	4	4	4	4	4	4	25	4	4	25	26	4 26	19	19	19	4	4	26	4	4	4	4	4	4	4	10	10	27	27	9	9	9	10	10	10	9	9	9	23 26	NA	NA	4	14	14	4	4	4	4	4	4 26	15	15	15	15	15	24	4	4	4	4	4	4	9	9	NA	NA	16	16	1 2 6 7 8	4	5	28	NA	28	28	24	29
the bucket	5	6	5	6	5	6	6	5	6	4	5	5	NA	NA	1	9	5	5	6	6 1	5	5	NA	6	7 5	5	5	5	6 5	5	5	6	6	6	6 5	5	6	6	6	6	5	6	5	5	5	5	5	5	5	5	5	6	6	6	6	6	5	6	5	5	6	6	6	6	5	5	5	5	5	6	6	5	6	6	5	6	6	6	6	5	5	5	5	5	5	5	5	6	6	6	6	6	5	6	5	5	5	5	5	5	5	5	5	5	5	5	5	5	5	NA	6	6	6	6	6	6 5	6	6	6	5	5	5	5	5	6	NA	6	5	6	6	6	6	6	6	6	NA	NA	1 2 3 3	NA	NA	6	6	6	5	6	NA
the butterfly	4	38	38	38	38	38	38	5	37	2	17	3	5	32	30	28	4	5	15	13	38	8	14 6	25	8 19 39	27	27	27	27 27	27	27	9	9	9	9	33	33	33	33	29	29	29	29	12	12	12	6	6	20	36	7	15	15	15	15	11	11	11	11	26	25	25	25	25	6	6	NA	38	NA	25	25	25	25	25	25	22	37	37	34	NA	10	21	21	21	14	14 14	14	37	25	25	25	25	NA	25	4	4	3	3	NA	3	3	4	4	4	3	3	3	18	NA	35	14	NA	16	26	26	26	26	26	37	38	38	38	38	38	31	14	14	14	14	14	14	26	26	26	26	24	24	6	1	5	41	41	41	41	40	40
the cabbage	3	3	3	3	3	3	3	6	3	4	6	3	NA	6	6	6	1	6	NA	6	3	6	3	3	6	3	3	3	3 3	3	3	3	3	3	3	3	3	3	3	3	6	3	3	3	3	3	3	3	3	3	3	6	6	6	6	3	3	3	3	3	3	3	3	3	3	3	3	3	3	3	3	3	3	3	3	3	3	3	3	3	3	6	6	6	3	3	3	3	3	3	3	3	3	3	3	3	3	3	3	3	3	3	3	3	3	3	3	3	3	6	3	6	6	3	3	3	3	3	3	3	3	3	3	3	6	NA	3	3	3	3	3	3	3	3	3	6	6	2 3 5	NA	NA	6	6	6	6	6	3
the candle	2	1	1	1	1	1	1	NA	1	1	10 11	1	2	11	12	13	2	2	NA	9	1	4	1	1	2	1	1	1	1 1	1	1	1	NA	1	1	1	1	1	NA	4	1	1	4	1	1	1	1	1	13	1	1	NA	NA	NA	NA	1	4 1	1	1	4 1	1	1	1	1	1	1	1	13	1	7 1	1	1	4	1	1	8	1	6	1	1	1	4	4	4	5 1	1	1	1	1	1	1	1	4 1	1	2	2	NA	1	1	1	1	2	2	2	1	1	1	1	1	14	1	NA	NA	NA	1	1	1	1	1	1	1	1	1	1	NA	1	1	1	1	1	1	1	1	4	1	4	NA	3 1	4	2	NA	NA	NA	NA	NA	4
the carrot	7	2	2	2	2	2	2	17	14	2	17	1	NA	17	11	17	7	17	17	12	2	4	13	14	17	15	8 4	15 4	4 4	15 4	15 4	14	14	14	14	12	12	12	12	12	12	12	12	10	10	10	10	10	10	10	1 4	17	17	17	17	14	14	14	14	14	14	14	14	14	2	2	NA	2	2	14	14	14	14	14	14	14	14	14	14	10	10	4	17	4	10	10	10	14	14	14	14	14	14	14	4	4	10	10	5	3	3	7	7	7	3	3	5	4	4	NA	10	16	16	14	14	14	14	14	14	2	2	2	2	2	17	NA	14	14	14	14	14	15	15	15	15	17	17	2 6 9	NA	NA	17	NA	17	17	18	NA
the cat	1	1	1	1	1	5	1	1	8	3 1	9 10 1	4	NA	1	14	1	1	1 1 13	7 11	4	1	12	1	1	1	4	4	4	4 4	4	4	1	1	1	1	6	6	6	6	6	6	6	6	6	6	6	1	1	1	1	4	11	11	11	11	1	1	1	1	1	1	1	1	1	1	1	1	1	1	1	1	1	1	1	1	8	8	8	8	1	1	1	1	1	1	1	1	8	1	1	1	1	1	1	1	1	6	6	4	4	4	1	1	1	4	4	4	6	6	1	1	1	1	1	1	1	1	1	8	1	1	1	1	1	1	1	1	1	1	1	1	4	4	4	4	1	1	2	1	1	15	15	15	15	1	16
the cattle	7 3	22	22	22	22	22	5	5	NA	8	5 12	7	5	12	NA	13	NA	5	27	7 26	7	20	17 7	7	5	24	22 5	22	22 24 7	7	7	22	22	22	22	5	5	5	5	5	5	5	5	7	2	2	16 17	16 7	17 18 7 22	17 22	6	NA	NA	NA	12	21 22	22	22	22	22	22	22	22	22	7	19 22	25	7 23	7	22	22	22	22	22	22	22	22	22	22	16	22	15	17	14	22	22	7	7 22	22	22	22	22	22	22	3	3	5 7 22	10 7 2	7	7	NA	3	3	NA	7	7	7	2	2 5 7	13 12	16	NA	NA	22	7	22	22	22	22	22 24	22	22	7	22	NA	29	22	11	22	22	22	7	7	22	22	13 12	13 12	1 4	9	5	27	NA	NA	NA	30	30
the cave	5	1	3	1	1 21	1	1	9	23	6 8	9	1	9	22	31	22	5	15	NA	9	3 19	20	NA	1 6	15	20	1	20	20	1 20	20	6	NA	6	NA	20	14	20	14	NA	14	28	29	18	18	18	NA	NA	12	30	1	22	NA	22	NA	6	6	14	6	20	13	NA	14 14	1 14	17	17	NA	1	17	NA	NA	14	1	6	14	26	23	1	23	NA	NA	NA	20	15	6	27	25	23	NA	NA	NA	14	NA	14	5	5	16	16	1	1	1	NA	NA	5	1 11	1	1	NA	NA	22	NA	NA	NA	NA	6	6	20 24	NA	23	1	1	1	1	1	NA	20	NA	1 20	NA	6	20	1	1	NA	20	20	22	2 3 4 6 7 8 1 10	9	9	22	NA	9 22	9 22	22	9
the chain	8	8	8	8	8	8	8	10	8	6	5 8	8	5	5	17	5	9	14	5	8	16	7	NA	8	11 13	8	8	8	8 8 7	8	8	8	8	8	8	7	5	7	5	7	5	5	7	8	NA	8	15	15	15	15	1 8	5	5	5	5	8	8 7	8	8	8	8	8	8	8	8	8	7	8	8	8	8	8 12	8	8	8 12	7	8	8	8	7	8	11	11	11	NA	8	8	8	8	8	8	8	8	8	8	8	8	8	7 8	2 8	7 8	8	8	8	1 8	2 8	7 8	8	8	5	8	5	5 7	8	8	8	8	8	8	8	8	8	8	8	5	8	8	8	8	8	7	8	8	8 7	8 7	5	5	8	3	4 5	5	5	5	5	5	8
the clan	NA	11	11	11	11	11	11	21 11	11	1 3 4	11	11	NA	NA	NA	NA	5	20 21 6 27 11 28 29	18 11	11	20	25 11	21 11 11 26	26 27 11	21	24	23	24	23 11	24	24	23	23 11	23	23 11	11	11	11	11	11	11	11	11	11	6 11	11	11	11	11 26	21 11	6	11	21 25 11 28	11	21	23	23	11	23	23	11	11	11	11	26	20 26	26	11	26	11	11	24 11	11	11	24 11	11	11	11	11	11	11	13 21 11	21 11	21 11	22 11	14 22 11	11 30	11	11	11	20	11	11	11	10	10	11	11	11	6 11	11	12	6 12	12	7 11	6 11	11	17	6	19	11 26	21	16	20	11	23	11	23	11	11	11	11	11	11	21 11	15	23	15	11	23	23	8	11	11	8 23	NA	NA	9	11	2	21	21	11	11	NA	NA
the clothing or clothes	1 1	33	3	3	13 3	33	3	7	21 23	2 8 12	30	3	7	29	14	31	1	27 30 34 34	20	4 25	16 2 3 26	24	15 15	3	34	3	3	3	3 3	3	3	3	3	3	17	3	3	3	3	3	3	3	3	3	22	3	15	15	19	15	4 3	28	28	28	28	23	3	23	3	17	3	23	23 33	3	26	26	26	3 26	26	23	23	3	23	3	3	23	23	23	23	15	15	34	34	34	15	15	15	21	23 3	3	3	3	3	3	1	1	3	3	3	4 3	4 3	10	10	1 1	3	3	3	32	NA	31	15	35	35	3	3	23	17	3	23	13 3	3	3	16	3	18	3	17 3	3	17	3	3	3	3	3	3	31	31	2 6 2 8 9 11	5	7	36	NA	36	36	36	NA
the cock/rooster	2	11	11	11	11	11	11	2	11	1	15	3	2	12	7 13	6	2	8	16	5	11	14	9	10	2	5	5	5	5 5	5	5	10	10	10	10	10	10	10	10	10	10	10	10	9	9	9	9	9	9	9	5	16	16	16	16	10	10	10	10	10	10	10	10	10	11	11	NA	11	11	10	10	10	10	10	10	10	11	11	11	9	9	2	2	2	9	9	9	10	10	10	10	10	10	10	2	2	9	9	5	4 5	5	2	2	2	5	4 5	5	9 5	5	6	9	15	15	10	10	10	10	10	11	11	11	11	11	11	16	10	10	10	10	10	10	5	5	5	5	15	15	NA	NA	NA	15	NA	15	15	12	15
the colour/color	3	5	5	5	9 5	5	5	11	5	1	11	12 5 15	11	11	NA	6	3	11	11	7 5 13	5	14	2 5	NA	11	10	5	5	5 5	5	5	5	5	5	5	5	5	5	5	5	5	5	5	5	5	5	5	5	5	5	5	11	11	11	11	5	5	5	5	5	5	5	5	5	5	5	5	5	5	5	5	5	5	5	5	5	5	5	5	5	5	11	11	11	5	8	5	5	5	5	5	5	5	5	3	3	5	5	5	5	5	3	3	3	5	5	5	5	5	6	5	11	11	NA	5	5	5	5	5	5	5	5	9 5	5	11	5	5	5	5	5	5	12 5 15	5	5	5	6	6	4 5	5	11	NA	11	11	11	11	5
the copper	7	23	23	23	23	19 23	23	8	1	6	21	5	8	NA	20	8	7	8 21	14 21	9 8	23	19	15	1	8 21	5	5	5	19 5 5	5	5	1	NA	11 1	NA	4	4	4 19	16	4	4	4	16	5	NA	NA	15	15	15	15	5	14 21	10 14 19 21	14	10	NA	17	1 1	1	22	1	NA	1	1	23	23	23	24	23	1	1	1 18	19	NA	18	22	1	1	19	15	15	12	NA	21	15	15	15	1	1	1	1	1	1	1	7	7	25	25	5	5	5	7	7	7	5	5	5	5	8	NA	15	13	13	NA	2	1	19	NA	1	23	23	23	23	23	21	19	1	19	NA	17	19	5	5	NA	5	NA	NA	5	3	4 8	21	NA	21	8	21	NA
the corpse	2 6 9	9	9	9	9	9	9	4	9	5	13 4	1	4	NA	14	21	2	4 21	4	16 20 22	9	23	9	9	24	9	9	9	9 9	9	9	9	9	9	9	4	4	4	4	4	4 18	4 18	18	25	9	25	9	9	9	9	9	4	4 19	4	4	9	9	9	9	9	9	9	9	9	9	9	9	9	9	9	9	9	9	9	9	9	9	9	9	9	9	4	16	4	4	9	15	4 9	9	9	9	9	9	9	6	6	20	4	11	12	11	6	6	6	1 9	12	11	9	9	21	9	4	4	9	9	9	9	9	9	17 9	9	9	9	9	4 19	9	9	9	9	9	9	9	9	9	9	NA	NA	1 4 7 8 8 10	4	4	4	4	4	4	16	NA
the cross	6 4	NA	3	3	3 4	NA	4	4	4	5	4	2	4	4	7	4	NA	4	9	4	4	3	4	4	4	3	NA	3	3	3	3	NA	3	4	3	3	4	NA	4	4	4	4	4	4	4	4	4	4	4	4	4	3 9	3	3	NA	NA	NA	NA	3	3	NA	4	4	4	4	4	4	4	4	4	NA	4	8	3	4	3	4	4	4	4	4	4	4	9	4	4	4	4	4	4	4	4	3	4	6 4	6 4	4	4	4	3 4	4	6	6	6	4	3 4	4	4	4	4	4	4	NA	NA	NA	NA	3	NA	3	4	NA	4	3 4	4	4	NA	NA	NA	NA	NA	3	4	NA	NA	3	3	3	1	4	4 4	4	4	4	4	4	4
the cup	12	19	15 15	19 6	19	19	19	30	18	9 13	21 31 33 6	9	NA	NA	26	NA	9	25	27 32	9 6	16	6	6	16 19 22	22	9	16 5	5	15 6	9	9	5	15	31	5	12	31	31	31	6	31	34	6	6	15	6	6	6	12	6	12 15	12	12	NA	12	5	5	5	5	28	19 28	19	19 28	28	15	19	NA	16 12 6	15	19	19	5 19	15	6	19	33	12	17 19	19	6	6	15	36	23	NA	6	6	17 19	19	24	19 24 6	15	12	19 12	12	12	6	6	4 5	6	15	6	12	8	9	6	5 4 29	12	12	NA	20	12	12	28	19	5 19 14	5	12	18	19 6	19	12 19	19	12 19	12	5 28	31	5 28	5	5	15	12	5 14 9	6	5 6	35	NA	1 2 3 7 11 9 14	10	NA	NA	37	6 37	6	NA	NA
the debt	8 9	3	3	3	3	3	3	7	3	5 6	3 15 16 10 7 19 19	3	NA	18	21	NA	9	NA	18 19	3	3	14	3	3 3 12	NA	3	3	3	3 3	3	3	3	3	3	3	20	20	20	20	20	20	20	20	3	3	3	3	3	3	3	3	11 10 7	11 10 7	10	10	3	3	3	3	3	3	3	3	3	3	3	3	3	3	3	3	3	3	3	3	3	3	3	3	3	3	7	7	17	3	3	3	3	3	3	3	3	3	3	8	8	3	3	3	3	3	8 9	8 9	9	3	3	3	3	3	NA	3	13	13	3	3	3	3	3	3	3	3	3	3	3	13	3	3	3	3	3	3	3	3	3	3	NA	NA	1 2 4 5	10	7	10	7	10 7	10 7	10 7 18	NA
the drum	6 7	18	18	18	18	18	18	4	18 17	11	22	7	4	19	15	22	6	22	19	1 7	18	1	7	17	22	7	7	7	7 7	7	7	17	17	17	17	24	24	24	24	24	24	24	24	7	7	7	7	7	7	7	7 10	19	1 14 21	19	19	17	17	17	17	18	17	17	17	17	18	18	18	18	18	17	17	17 20	17	17	17 20	18	18	18	18	7	23	22	22	22	7	7	7	18	17	17	17	17	17	17	7	7	7	7	1 7	1 7	7	13	1 3	7	1 7	1 7	1 7	9 12	7 9	22	7	NA	16	17	17	17	17	17	17	18	18	18	18	18	19	17	17	17	17	17	17	7	7	7	7	22	22	2 3 5 10 11	8	4	24	24	24	24	24	22
the duck	2 3	3	3	1	1	3	1	12	3	1	3	3	2	3	1	4	2	5	3	4 3	9	10	3	NA	8	3	3	3	3 3	3	3	1	1	1	1	1	1	1	1	1	1 3	1	1	3	NA	3	6 3	3	3	3	3	3	3	3	3	3	1	1	13	1	3	3	1 3	11	3	3	NA	3	3	1 6 3	6	1 3	6 3	3	3	3	3	3	3	6	NA	10	10	6	3	3	3	3	3	3	3	3	6	1 7 3	2	2	6	3	3	3	3	3	3	3	3	3	3	3	3	4	3	NA	4	1	1 3	1	1	3	3	1 3 3	1	1 3	1 3	3	3	NA	1	1	1	1	1	3	3	1	9	4	4	1 3	3	2	NA	6	NA	3	4 3	3
the dust	6	10	10	10	10	10	10	5	10	9	21	8	5	14	22	16	NA	11 5 21	21	22	10	19	10	10	11 12 17 17 18	8	8	8	8 8	8	8	10	10	10	10	5	5	5	5	5	5	5	5	8	8	8	8	8	8	8	8	21	21	21	21	10	10	10	10	10	10	10	10	10	8	8	8	10	8	10	10	10	10	10	10	23	10	15 10	15	10	10	11	11	13	8	8	8	10	10	10	10	10	10	10	6	6	8	8	8	8	8	6	6	6	8	8	8	8	8	16	10	20	20	10	10	10	10	10	15	10	10	10	10	10	21	NA	10	10	10	10	10	8	8	8	8	16	16	1 4 5 7	3	2 5	21	NA	21	21	24	21
the earring	4 7	41	41	41	41	41	41	17	27	3 6	30	5	NA	32	NA	31	7	40	18 33	3 9	41	9 9	14 36 39	9	34	9	9	9	9 9	9	9	9	9	9	9	28	28	28	NA	37	37	37	37	11	11	11	39	39	39	14 36	11	NA	NA	18 20 35	16 18	9	9	9	9	9	25	25	25	25	41	41 41	NA	41	41	23 26	24	24	24 9	24	24	27	27	27	27	36 38	36	34	34	34	36	NA	13 36	27	24	24 9	24	24	19 24	24	11	11	3	11	9 11	11	9 11	11	11	9 11	11	11	9 11	11	NA	NA	39	NA	31	9	9	9	9	9	27	41	41	41	41	41	NA	9	9	9	9	9	9	9	9	9	9	31	29	2 8 10	12	1	42	NA	42	42	16	43
the egg	6	10	10	10	17	10	10	4	12	3	18	9	4	14	24	14	6	19	14	9	17	25	NA	9	16	9	9	9	9 9	9	9	23	9 23	22	22	20	20	20	20	20	20	20	20	10	10	10	11	11	11	11	9	14	14	14	14	22	22	22	9 22	22	10	10	10 9	10	17	17	NA	17	17	10	10	10	10	10	10	12	12	12	12	11	11	16	16	16	11	11	11	12	9	9	9	9	9	9	6	6	15	15	NA	9	9	6	6	6	9	9	9	15	NA	14	11	18	18	22	22	22	9	9	12	17	10	17 10	10	10	13	NA	21	21	9	9	9	9	9	9	9	14	14	1 2 7 8	5	4	26	26	26	26	26	18
the fairy tale	6 9	14 2	2	2	2	14 2	2	10	2 2 2	5 2 7	15	6 8	NA	17	19	17	9	10 15	17	12	14	18	NA	14 6	21	6 8	6	6	6 18 18	6	6	14	14	14	14	20	20	20	20	20	20	20	20	20	20	20	14	14	14	14	6	17	17	17	17	14	13 14	14	14	14	13	13	13	14	14	14	14	14 20	14	13 14	13	13	13 14	13	13	18	2	2	2	14	14	15	15	15	11	13	11	2	13	13	13	14	13	13	6	6	16	6	6	6	6	9	6	9	6	6	6	20	6	17	14	17	17	14	14	14	14	14	2	2	2	14	2	14 2	15	NA	14	14	14	14	14	6	6	13	6	17	17	1 3 4 7	NA	NA	15	15	15	15	17	NA
the family	2	3	3	3	3	3	3	16	3	1 4	3	1	3	3	11	3	2	7 10 10 3	7 13 3	7 7	12	16	12 3	12 3	8	3	1	16	1 1	1	1	12	3	12	17 3	12	12 14	12	14	12	12 14	12 14	12	3	3	3	3	3	3	12	1	3	3	3	3	12	15 3	12 3	12	3	3	3	3	3	3	3	3	3	3	3	3	3	3	3	3	3	3	3	3	3	3	10	9	10	3	3	3	3	3	3	3	3	12 3	3	2	2	3	3	1	1	1	2	2	2	1	1	1	1	1	3	3	3	3	3	12	12	3	3	3	3	3	3	3	3	3	3	3	3	3	3	12	12	12	1	12	3	3	5	6	3	3	NA	3	3	12 3	7
the felt	5 10	24	24 26	24	24	24	24 26	NA	24	4 4	13	1	NA	12	11	15	6	NA	NA	22	24	14	24	16	NA	19	22	22	22	19	19	20	NA	16	NA	NA	33	NA	33	NA	33	33	25	21	NA	24	24	24	24	24	1	NA	NA	NA	NA	NA	NA	NA	16	16	NA	NA	16 16	16	24	NA	NA	24	24	16	16	16 17	31 16	16	16 17	31	31	24	31	35 29	27	30	NA	13	28	11	24	NA	17	16	16	16	17	16	10	10	18	21	1	1	1	3	1	NA	1	2	1	9	9	NA	24	NA	NA	31	16	NA	31	NA	24	24	26	24	24 26	24	NA	16	16	16	NA	16	23	22	1 19	NA	32	NA	NA	5	8	34 7	NA	NA	NA	NA	NA	NA
the fermented drink	NA	18	5	18	18	18	18	17	NA	5	22	3	2	22	11 14	NA	NA	10 22	22	5	5	5	5 19	NA	10	NA	NA	NA	NA	6	6	NA	NA	NA	NA	NA	8	NA	8	NA	8	8	20	7	7	7	21	21	21	5	NA	13 15 22	NA	13 15 22	22	NA	16	NA	16	16	18	18	18	18	18	18	18	18	18	18	18	5	5 18	NA	5	5	24	5	24	5	19	10	12	10	5 21	19	19	5	18	18	18	5 18	NA	18	NA	NA	7	7	NA	NA	NA	NA	NA	NA	NA	NA	NA	NA	NA	22	19	NA	22	NA	16	NA	NA	NA	5 18	18	5	5	18	18	22	16	16	16	NA	16	5	9	NA	NA	NA	NA	23	NA	4	2	13	13	13	NA	NA	NA
the firewood	7	12	12	12	12	12	12	6	12	1	17	6	NA	NA	10	NA	7	NA	NA	8	12	11	16	9	NA	6	6	6	6 6	14	14	9	9	9	9	17	17	17	17	17	17	17	17	16	16	16	16	16	16	16	6	18	NA	18	NA	9	9	9	9	9	9	9	9	9	12	12	NA	12	12	9	9	9	9	13	9	12	12	12	12	16	16	19	19	19	16	16	16	12	9	9	9	9	9	9	7	7	16	16	NA	6	6	7	7	7	6	6	6	16	NA	NA	16	NA	NA	9	9	9	9	9	12	12	12	12	12	12	NA	9	9	9	9	9	9	6	6	6	6	15	NA	2 2	4	3	20	20	20	20	21	NA
the fish	5	1 10	1	1	1	1	1	2	16	4 4	18	1	2	13	14	13	5	8	18	1	9 10	12	1	1	8	1	1	1	1 1	1	1	17	17	17	17	1	1	1	1	1	1	1	11	1	1	1	1	1	1	1	1	18	18	18	18	17	17	17	17	15	1	1 17	1	1	1	1	NA	1	1	1	1	1	1	1	7	1	1	1	1	1	1	8	8	8	1	1	1	1	1	1	1	1	1	1	5	5	1	1	NA	1	1	5	5	5	1	1	1	1	NA	18	1	18	18	17	17	17	15	15	1	1	1	1	1	1	18	17	17	17	17	17	15	1	NA	1	1	13	13	3	6	2	19	NA	19	19	19	1
the fist	2	9	9	9	9	9	9	2	9	5	12	6	NA	12	8	12	3	7	12	6	9	1	9	9 1	7	6	6	6	6 6	6	6	9	9	9	9	13	13	13	13	13	13	13	13	9	9	9	9	9	9	9	6	12	12	12	12	9	9	9	9	9	9	9	9	9	9	9	NA	9	9	9	9	9	9	9	9	9	9	9	9	9	9	7	7	7	9	9	9	9	9	9	9	9	9	9	2	2	9	9	6	6	6	2	2	2	6	6	6	9	9	NA	9	11	11	9 1	9	9	9	9	9	9	9	9	9	9	12	9	9	9	9	9	9	6	6	6	10	12	12	3 4	NA	NA	12	12	12	12	14	12
the flour	4	15	15	15	15	15	15	11	NA	5 5	9 10	7	NA	20	6	16	4	9 10 9 10	22	7	15	17	15	15	11	7	7	7	7 7	13	13	19	15	15	15	12	12	12	12	12	12	12	12	19	19	19	15	15	15	15	7	22	22	22	22	15	15	15	15	19	15	15	15	15	15	15	15	15	15	15	15	15	15	15	15	15	15	15	14	15	15	11	11	11	15	15	15	15	15	15	15	15	15	15	4	4	15	15	7	7	7	4	4	4	7	7	7	8	8	16	15	11	11	15	15	15	19	19	14	15	15	15	15	15	21	15	15	19	15	15	19	7	7	7	7	16	16	1	3	2	11	NA	11	11	11	11
the flower	2	17	17	17	17	17	17	3	17	8	7	4	3	NA	16	12	6	10 7	19	2	4 17	18	9 9	15	10	4	4	4	4 4	4	4	15	15	15	15	13	13	13	13	13	13	13	13	7	7	7	9	9	14	9	2 4	19	19	19	19	15	15	15	15	15	15	15	15	15	17	17	NA	17	17	15	15	15	15	15	15	17	17	17	17	9	9	10	10	10	9	9	9	17	15	15	15	15	15	15	2 6	2	4 7	4 7	2 4	2 4	4	6	6	2 6	2 4	4 2	2 4	7	7	NA	9	19	19	15	15	15	15	15	17	17	17	17	17	17	11	15	15	15	15	15	15	4	4	4	4	12	12	1 5	7	3	19	19	19	19	11	7
the footprint	6	15	15	15	15	15	15	13	22 21 22 15	4	25	3	NA	25	20	26	10	24	26	17	15	30	22 15	33	24	28	23 28	28	28 28	28	28	15	22	15	22	15	15	15	19	15	15	15	15	16	16	16	15	15	NA	15	3 7	26 26	26	26	26	15	15	NA	15	15	15	15	15	15	15	15	NA	15	15	15	15	22 15	15	15	22 15	32	15	15	15	15	27	24	24	24	15	31 15	15	15	15	15	15	15	15	15	6	6	16	16	NA	3	3	6	6	6	3 7	3	3	16	NA	26	15	25	26	33	15	22 15	15	22	15	15	15	15	15	15	26	14	22	14	22	22	22	7	7	7	7	26 29	26	1 5 9 11 12	8	2	15 25	15	13 25	15	15	27
the fork	2	22	22	22	22	22	22	7	1 22	5	11	2	NA	13	15	19	2	NA	16	22	24	8	2	21 22	NA	22	22	9 22	9 8 22 22	22	22	17	17	17	17	20	20	20	20	20	20	20	20	23	8	23	2	2	2	2	2	16	16	16	16	17	17	17	17	17	22	22	22	22	14	14	NA	14	14	22	22	22	22	22	22	22	22	22	22	NA	18	8	12	12	2	2	18	1	22	22	22	22	22	22	2	2	23	23	2	2	8	2	2	2	2	2	2	2	2	NA	8	22	NA	17	17	17	17 17	17	22	22	22	22	22	22	10	17	17	17	17	17	22	22	22	22	22	19	19	2 5 6	3	7	25	8	8	8 11	11	3
the fork(2)/pitchfork	3	18	18	18	18	18	18	22	1	5	NA	3	NA	12	26	12	7	NA	12	21	18	11	24	16	NA	3	3	3	3 3	3	3	15	15	15	15	15	15	15	15	15	15	15	15	3	3	3	23	23	23	23	3	12	12	12	12	15	15	15	15	16	16	16	16	13	18	18	NA	18	18	16	16	16	17	16	16	16	1	1	1	24	24	14	14	14	19 24	24	NA	1	16	16	16	16	13	16	3	3	25 3	25	3	3	3	3	3	3	3	3	3	3	3	NA	24	20	20	16	16	16	16	16	1	18	18	18	18	18	12	15	15	15	15	15	15	3	3	3	NA	12	12	2 6 8 9	4	10	12	12	12	12	12	3
the friend	2 4	2	2	2	2	2	2	3	2 12 15 12	5	8	2	NA	8	9	16	4	6 3 8	22	2 12 12 14 23	14	10 17	2 14 21 12	2	NA	2	2 12	2 12	2 2	2	2	2 12	2 12 13	2 12	12	19	19	19	19	19	19	12	7	2	2	2	2	2	2	2	2	22	22	22	3 22	2	2 12	12	2	2	2	2	2	2	2	12	12	2	2	2	2	2	2	2	2	2 18	2 15	2	15	12	12	3	3	3	2 12	12	12	2	2	2	2	2	2	2	2	2	2	2	2	2	2	1	1	2	2	2	2	20	20	16	12	3	3	2	2	2	2	2	2	2	2	2	2	2	3 8	2	2	2	2	2	2	2	2 2	2	2	3	3	2	3	3	3 8	3	3	3	NA	8
the frog	2	18	18	18	18	18	18	6	1 15	3 7	17	5	6	16	24	16	2	20	16	2	18	21	15	15	19	5	5	5	5 5	5	5	13	13	13	13	14	12	12	12	14	12	12	14	23	23	23	25	25	28	25	5	16	16	16	16	13	13	13	13	13	15	15	15	15	18	18	NA	18	18	15	15	15	15	15	15	15	1	1	15	15	15	19	19	19	30	22	15	1	15	15	15	15	15	15	2	2	5	5	5	5	5	2	2	2	5	5	5	29	NA	16	15	16	16	13	13	13	26	13	15	18	18	18	18	18	16	13	13	13	13	13	13	5	5	5	27	16	16	4 5 8 10 11	9	6	16	NA	16	16	16	17
the garden	1	13	12	13	1	13	1	5	1	3 4	7	1	1	7	9	7	1	7	7	8	1	14	1	1	7	1	1	1	1 1	1	1	1	1	1	1	6	1	1	1	1	1	1	1	1	1	1	1	1	1	1	1	7	7	7	7	10	10	1 10	1	1	1	1 10	1	1	1 13	1	1	1	13	1 10	1	1	10	1	1	6	1	1	1	1	10	6 14	14	11	1	1	1	1	1	1	1	1	10	1	1	1	1	1	1	1	1	1 2	1	1 2	1	1	1	1	1	7	1	7	7	1	1 1	1	1	1	1	12 13	1	NA	13	1	5	1	1	1	1	1	1	1	1	1	1	7 15	7	1 1 1 1 10	1	1	7	NA	7	5	NA	1
the glass	2	11	11	11	11	11	11	3	2	7	12 6	6	3	16	9	NA	5	3	14 15	6	6	17	2	6	3	6	6	6	6 6	6	6	6	6	6	6	6	6	6	6	6	6	6	6	2	2	2	2	2	2	2	2 6	15	15	15	15	11	6	6	6	6	11	11	11	11 6	11	2 11	11	11	11	11	6	11	6	11	11	8	8	10	8	2	2	3	3	3	2	2	2	6	6	6	6	11 6	18	6	2	2	2	2	2	6	2	2	2	2 6	2	6	2	2	2	NA	2 12	13	13	6	6	11	11	6	6	11	11	11	11	11	12	11	11	11	11	11	11	6	11	11	11	NA	NA	1 6	4	3	15	15	15	15	19	NA
the gold	5	6	6	6	6	6	6	3	6	2	3	6	3	3	9	3	5	3	3	8	8	10	6	6	3	6	6	6	6 6	6	6	6	6	6	6	12	12	12	12	12	12	12	12	6	6	6	6	6	6	6	6	3	3	3	3	6	6	6	6	6	6	6	6	6	6	6	6	NA	6	6	6	6	6	6	6	6	6	6	6	6	6	3	3	3	6	6	6	6	6	6	6	6	6	6	11	5 6	6	6	6	6	6	6	5 6	6	6	6	6	6	6	3	6	3	3	6	6	6	6	6	6	6	6	6	6	6	3	6	6	6	6	6	6	6	6	6	6	3	3	1 7	3	3	3	3	3	3	3	3
the goose	1 3	3	3	3	3	3	3	7	3	5	3	2 4	1	3	3	3	1	1	3	3	3	6	3	3	1	3	3	3	3 3	3	3	3	3	3	3	3	3	3	3	3	3	3	3	3	4	3	3	3	3	3	3	3	3	3	3	3	3	3	3	3	3	3	3	3	3	3	NA	3	3	3	3	3	3	3	3	3	3	3	3	3	3	6	NA	1	3	3	3	3	3	3	3	3	3	3	3	3	4	4	3	3	3	3	3	3	3	3	3	3	3	3	3	3	3	3	3	3	3	3	3	3	3	3	3	3	3	3	3	3	3	3	3	3	3	3	3	3	3	3	3	1	3	NA	NA	NA	3	3
the grape	4	15	15	15	15	15	15	3	12 6	2	14	6	3	9	11	17	4	10 10	14	6	15	8	6 11 13	13	10	6	6	6	6 6	6	6	13	13	13	13	13	13	13	13	13	13	13	13	13	13	13	13	13	13	13	6	14	14	14	14	13	13	13 13	13	13	13	13	13	13	6	6	6	6	6	13	13	13	13	13	13	16	12	12	12	13	13	10	10	10	13	13	13	12	13	13	13	13	13	13	4	4	13	13	6	6	6	4	4	4	6	6	6	13	13	17	13	7	7	13	13	13	13	13	12	15	15	15	15	15	14	13	13	13	13	13	13	6	6	6	6	17	17	1	13	3	14	14	14	14	7 14 18	14
the grasshopper	6	27	27	27	27	27	27	9	28	5 8	10	2	9	12	30	12	6	25	12	24 31	NA	17	27	18 32	25	22	22	14	22 22	22	22	11	NA	11	29	23	23	23	23	23	23	23	23	27	27	27	26	26	20 26	27	2	12	12	12	12	11	16	NA	16	19	27	27	27	27	27	27	NA	27	27	27	18	18	18	18	18	28	28	28	28	27	27	25	25	25	27	27	27	28	16	18	18	18	18	18	4	4	27	27	NA	2	2	6	6	3 6	2	2	2	13	NA	12	NA	12	12	11	11	32	21	21	28	27	27	27	27	27	12	11	11	11	11	11	21	15	15	15	15	12	12	7	1	9	12	12	12	NA	12	27
the guest	3	4	4	4	4	4	4	2	7 4 7	1	2	3	2	13	11	13	14	9	13	3	4	8	4	12	9	3	3	10	3 3	3	3	12	12	12	12	6	6	6	6	6	6	6	6	4	4	4	4	4	4	4	3	13	13	13	13	12	12	12	12	12 12	12	12	12	12	4	4	4	4	4	12	12	12	12	12	12	12	7	7	7	4	4	9	9	9	4	4	4	7	12	12	12	12	12	12	3	3	4	4	3	3	3	3 14	3	3 14	3	3	3	4	4	13	4	13	13	12	12	12	12	12	7	4	4	4	4	4	13	NA	12	12	12	12	12	3	3	3	3	13	13	4	5	2	13	13	13	13	13	2
the gun	5	4	4	4	2 4	4	4	5 9	4	1	4	4	NA	NA	5	NA	5	4 5	5	4	4	6	4	4	5	4	4	4	4 4	4	4	4	4	4 9	4	4	4	4	4	4	4	4	4	4	4	4	4	4	4	4	4	5	5 9	5	5	4	4	4	4	4	7 4	4	4	6 4	4	4	9	4	4	4 9	4	4	4	4 9	4	4	4	4	4	4	4	7	4	5	4	4	4	4	4	4	4	4	4	4	5	5	4	4	4	4	3 4	5	5	9 5	4	4	4	4	4	NA	4	8	8	4	4	4	4	4	4 9	4	4	4	4	4 9	4	4	4	4	4	4	9	4	4	4	4	9	NA	4 5	4	5	7 5	NA	4	4	5	NA
the hammer	1	2	2	2	2	2	2	6	8	3	2	1	6	2	9	2	1	2	2	1	2	11	12	13	7 2	1	1	1	1 1	1	1	13	13	13	13	10	10	10	10	10	10	10	10	1	1	1	12	12	12	12	1	2	2	2	2	1	1	1	1	1	13	13	13	13	1	1	1	1	NA	13	13	13	13	13	13	8	8	8	8	12	12	2	2	2	12	12	12	8	13	13	13	13	13	13	1	1	1	1	1	1	1	1	1	1	1	1	1	1	1	2	12	2	2	1	1	1	1	1	8	2	2	2	2	2	2	13	13	13	13	13	13	5	1	1	1	2	2	1 4	2	6	2	NA	2	2	2	2
the hare	4	9	9	9	9	9	9	6	7	1	8	2	6	15	12 12 16 17	15	4	18	15	14 2	9	11	10	9	18	2	2	2	2 2	2	2	9	9	9	9	9	9	9	9	9	9	9	9	10	10	10	10	10	10	10	2	13	13	13	15	9	9	9	9	9	9	9	9	9	9	9	NA	9	9	9	9	9	9	9	9	7	7	7	7	10	10	18	18	18	18	10	10	7	9	9	9	9	9	9	4	4	10	10	NA	2	2	4	4	4	2	2	2	10	NA	15	10	15	15	9	9	9	9	9	7	9	9	9	9	9	15	9	9	9	9	9	9	2	2	2	2	15	15	3	5	6	15	15	15	15	19	2
the herd	8 10 16	8 38	38	8 38	8 38	8 38	38	21	29 31 41	2 11 12 13	35	8 38	NA	35	19	34	16	25 35	36	24 26 38 40	26 30 8 33 38	39	38	31	35	8	8	38	38 38	8	8	31	23	23 31	23	22	43	43	43	22	43	43	43	8	8 38	18	44	42	8	44	7	37	37	37	37	31	31	31	31	31	31	31	31	31	8 38	8	38	8	8 38	31	31	31	31	31	31	17	29	29	29	26	8	20	20	35	38	38	38	29	31	31	31	31	31	31	10	10	38	38	38	38	38	10	38	10	8 38	38	38	26 38	8 38	34	8	32	32	31	31	31	31	31	29	38	38	8 38	8 38	8 38	27 27	NA	31	31	31	31	31	8 38	38	17	8	34	34	1 2 3 4 5 6 9 14 3	NA	NA	35 37	37	37	37	36	35 38
the iron	4	14	14	14	14	14	14	5	14	3	12	2	5	11	17	11 16	4	7	11	2	14	9	8	14	7	2	2	2	2 2	2	2	14	14	14	14	13	13	13	13	13	13	13	13	10	8	10	8	8	8	8	2	11	11	11	11	14	14	14	14	14	14	14	14	14	14	14	14	14	14	14	14	14	14	14	14	14	14	14	14	8	8	7	7	7	NA	8	8	14	14	14	14	14	14	14	4	4	10	10	2	2	2	4	4	4	2	2	2	2	2	11	8	15	15	14	14	14	14	14	14	14	14	14	14	14	11	14	14	14	14	14	14	2	2	2	2	11	11	1	6	5	11	11	11	11	11	12
the joke	5 6	5	5	5	5	5 11	5	12	5	3	12	5	NA	12	10	12	6	8 1 1 12	12	12 14	5	17	5	5	12	5	5	5	9 5	5 17	5 17	16	5	5	5	1	12	12	1	12	12	12	12	5	5	5	5	5	5	5	5	12	12	12	12	5	5	5	5	5	5	5	5	5	5	5	5	5	5	5	7 5	7 5	7 5	5	7 5	17	5	5	5	5	5	12	12	12	5	12	5	5	5	5	5	7 5	5	5	6	6	5	5	5	5	5	6	5 6	6	5	5	5	5	5	12	5	12	12	5	5	5	13	NA	5 15	5 11	5 11	5	5	5	12	5	5	5	5	5	5	5	16	16	16	12	12	1 2 4	NA	NA	12	12	12	12	12	5
the lead	4 6	4	4	4	4	4	4	2	4	5	10	4	NA	10	8	10	6	2	10	4	4	9	4	4	2	4	4	4	4 4	4	4	4	4	4	4	4	4	4	4	4	4	4	4	4	4	4	4	4	4	4	4	10	NA	10	10	4	4	4	4	4	4	4	4	4	4	4	9	4	4	4	4	4	NA	4	NA	4	4	4	4	4	4	NA	NA	2	4	4	4	4	4	4	4	4	4	4	6	6	4	4	4	4	4	1	6	4	4	4	4	4	4	10	4	10	NA	4	4	4	4	4	4	4	4	4	4	4	10	4	4	4	4	4	4	4	4	4	4	10	10	3	7	2	10	NA	10	11	10	12
the lightning	2 4	27	27	27	29	27	27	5	27	1	18	4	5	18	21	20	2	16	18	31	27	17	19 26	15	16	4	4	4	4 4	4	4	14	14	14	14	27	27	27	27	27	27	27	27	4	11 24	13	22 24	28	28	4	4 9	18	18	18	18	14	14	15	14	14	14	15	15	15	27	27	NA	27	27	27	14	14	15	14	14	12	27	27	27	19 26	19 26	16	16	23	19 26	19 26	19 26	25	15	15	14	14	14	14	2 4	2 4	NA	4	4 9	4	4	3	2 4	4	4 9	4	4	30	NA	NA	26	NA	18	15	14	14	14	14	27	27	27	27	27	27	18	15	14	15	14	14	14	4	4	4	4	18	18	1 7 8 10	6	5	33 27	NA	33	32	34	4
the lion	6	1	1	1	1	1	1	15	1	2	4	1	4	4	6	4	6	4	4	1 1	1	11	1	1	NA	12	7	7	11 7	1 7	1 7	1	1	1	1	1	1	1 11	NA	1	1	1	1 10	12	1	1	1	1	1	1	1 7	4	4	4	4	1	1	1	1	1 11	1	1	1	1	1	11	12	1	1	1	1	1	1	1	1	9	1	1	1	1	12	NA	11	NA	1	14	1	1	1	1	1	1	1	12	6	6	12	1	1 7	1 8	1 7	6	6	6	1 7	1 8	1 7	7	7	4	1	4	4	1	1	1	1	1	1	1	1	1	1	1	4	1	1	1	1	1	11	7	7	11	1 7	4 15	4	1 2 3 3 5 7	4	4	4	4	4	4	4	1
the lip	5	13	13	13	13	13	13	3	12	4	10	1	3	15	6	16	5	11	16	19	13	8	7	10	9	1	1	1	1 1	1	1	10	10	10	10	17	17	17	17	17	17	17	17	13	13	13	13	7	13	13	1	16	16	16	16	10	10	10	10	10	10	10	10	10	13	13	13	13	13	10	10	10	10	10	10	12	12	12	12	7	13	11	9	11	13	7	13	12	10	10	10	10	10	10	5	5	14	14	NA	1	1	5	5	5	1	1	1	NA	NA	16	7 13	18	18	10	10	10	10	10	12	13	13	13	13	13	15	10	10	10	10	10	10	1	1	1	1	16	16	4 4	2	3	10	10	10	10	15	10 20
the lizard	12	34	34	34	34	34	34	5	23	4 9	22	7	5	19	26	21	12	35	13	16	34	37	27	34	35	18	7	18	18 18	18	18	34	34	34	34	36	36	36	36	36	36	36	36	14	14	14	32	29	32	32	6	13	13	13	13	34	34	34	34	34	34	34	34	34	31	30	NA	31	31	34	15 17	34	34	34	34	23	23	23	23	25	27	35	35	35	33	NA	27 33	23	34	34	34	34	34	34	12	12	6	6	6	6	6	12	12	12	6	6	6	6	NA	21	27	20	20	34	34	34	34	34	23	31 34	34	34	34	34	21	34	34	34	34	34	34	34	28 34	28	34	21	21	1 2 3 8 10	11	5	21	21	21	21	21	38
the lock	3	11	10	11	10	11	11 10	20	22	5	16 17 20	6	NA	21	14	21	2	NA	19	17	11 10	15	10	22	NA	1	1	1	1 17	1	1	12	12	12	12	19	19	19	19	19	19	19	19 23	16	NA	16	10	10	10	10	3	19	19	19	19	12	12	1	1 12	1	13	13 22	22	13	11	11 18	16	16	11	22	22	22	22	22	22	22	22	10 22	22	10	10	9	24	24	10	NA	10	10 22	22	22	22	22	22	22	3	3	16	16	1	3	3	3	3	3	3	3	1	16	16	21	10	21	21	1	1 12	12	1	1	22	10	10 11	11	10	10 11	20	12	12	12	12	25	1	1	1	1	1	21	21	8	4	7	16	16	16	16	26	26
the maize/corn	6	NA	8	8	8	11	8	6	8	3	13	5	6	12	8	8	NA	6 6	15	8	8	10	5	8 8	6	8	5 8	8	8 8	8	8	8	8	8	8	8	8	8	8	8	8	8	8	5	5	5	5	5	5	5	5	15	15	15	15	8	8	8	8	8	8	8	8	8	10	8 10	NA	10	10	8	8	8	8	8	8	8	8	8	8	5	10	6	10	6	5	5	5	8	8	8	8	8	8	8	6	6	5	5	5	5	5	6	6	6	5	5	5	5	5	NA	5	14	14	8	8	8	8	8	8	8	8	8	8	8	8	8	8	8	8	8	8	8	5	8	8	8	8	1 2 7	4	6	15	15	15	15	14	5
the medicine	7	1	1	1	1	1	1	2	1	3	1 2	6	2	2	9	2	5	1 2 10 10	2	1	1	8	1	3 1	2	1	1	1	1 1	1	1	1	1	1	1	1	1	1	1	1	1	1	1	1	1	1	1	1	1	1	1 4	2	2	2	2	1	1	1	1	1	1	1	1	1	1	1	1	1	1	1	1	1	1	1	1	1	1	1	1	1	3	2	2	2	1	1	1	1	1	1	1	1	1	1	7	7	1	1	1	1	1	7	7	7	1	1	1	1	1	2	3 1	2	2	1	1	1	1	1	1	1	1	1	1	1	2	1	1	1	1	1	1	1	1	1	1	2	2	1 2	2	1 2	2	2	2	2	2 1	1
the melon	5 10	14	14	14	14	14	14	10	15	4	5	7 15	NA	5	5	5	10	10	5	5	14 15 14	17	15	16	NA	15	15	15	15 15	15	15	16	16	16	16	5	5	5	5	5	5	5	5	15	15	15	15	15	15	15	7	5 19	5 19	5	5	16	16	16	16	16	16	16	16	16	15	15	17	15	15	16	16	16	18	16	16	17	NA	NA	17	15	15	17	17	17	15	15	15	13	16	16	16	16	16	16	5 10	5 10	15	15	7	7	7	5	5	5 10	7	7	7	15	7	5	15	5	5	16	16	16	16	17	17	14	14	14	14	14	5	NA	16	16	16	19 20	16	15	15	15	15	5	5	1 1 3 4 6 8 9 11 12	NA	NA	17 5	17	5	17	21	15
the mirror	10	5	5	5	5	5	5	3	1	7 7	16	5	3	16	15	16	10	3	12 16	5	5	14	5	5	3	5	2 5	5	5 5	5	5	5	5	5	5	13	13	13	13	13	13	13	13	17	17	17	5	5	5	5	5	16	16	16	16	5	5	5	5	5	5	5	5	5	5	5	5	5	5	5	5	5 5	5	5	5	1	1	1	1	5	5	3	3	3	5	5	5	1	5	5	5	5	5	5	10	10	17	17	5	5	5	10	10	10	5	5	5	17	17	NA	5	16	16	5	5	5	5	5	1	5	5	5	5	5	16	5	5	5	5	5	5	5	5	5	5	16	16	2 2 6 8 9	4	3	16	16	16	16	16	18
the money	6 7	6	6	6	6	6	6	5	6	2 3 4	1	6	5	1	8	1	6	12	1 15	8	6	9	14 16	6	12	6	6	6	6 6	6	6	6	6	6	6	1	1	1	1	1	1	1	1	13	13	13	16	16	16	10	6	1 15	1 15	1 15	1 15	6	6	6	6	6	6	6	6	6	6	6	6	6	6	6	6	6	6	6	6	6	6	6	6	14	14	12	12	12	16	16	11 16	6	6	6	6	6	6	6	7	7	13	13	6	6	6	6	6	6	6	6	6	6	16	1	16	8	8	6	6	6	6	6	6	6	6	6	6	6	1	6	6	6	6	6	6	6	6	6	6	1	1	6	1	5	8	8	8	8	8	1
the mortar(2)	1	1 12	12	1	1	1 12	1	1	1	5	8 11	6	NA	8	1	8	NA	8	8	1 15	1	11	1	10	8	4	4	14	4 4	4	4	10	10	10	10	15	15	15	15	15	15	15	15	1	1	1	1	1	1	1	4 1	8	8	8	8	10	10	10	10	10	10	10	10	10	1	1	1	1	1	10	10	10	10	10	10	11	1	1	1	1	1	1	8	8	1	1	1	1	10	10	10	10	10	10	1	1	10 1	1	1	1	2 1	1	1	1	1	1	1	1	1 4	8	1	NA	1	10	10	10	16	NA	1	12	1	1 12	1 12	1 12	10 8	10	10	10	10	10	17	4	11 11	1	4	8	8	3	9	1	8	8	8	8	8	1
the mule	1	1	1	1	1	14	1	4	1	2	4	1	4	4	6	4	5	4	NA	1	1	14	1	1	4 4	NA	1	7	1	1	1	1	1	1	1	1	NA	1	NA	1	16	1	1	1	1	1	1	1	1	1	1	4	4	4	4	1	1	NA	1	1	1	1	1	1	1	1	NA	10 17	1	1	NA	1	NA	13	1	1	1	1	1	1	1	NA	4	4	1	1	1	1	1	1	1	1	1	1	1	1	1	1	1	1	1	1	1	1	1	1	1	1	1	4	1	11	NA	NA	1	1	14	NA	1	NA	NA	1	1	1	4	NA	8	1	1	8 1	15	1	9	1	NA	4	4	1 3	4	4	19 18	NA	4	19 18	4	4
the mushroom	7	17	17	17	17	17	17	7	22 24	3	12	5	7	NA	15 20	11	7	7	25	19	17	13	29	14	9 7 16 7	5	5	5	5 5	5	5	26	26	26	26	18	18	18	18	31	31	31	31	21	21	21	28	28	28	30	5	25	25	25	25	26	26	26	26	26	10	10	10	10	23	23	NA	23	17 23	10	14	14	14	14	14	22	22	22	22	29	29	7	7	7	23	23	23	22	10	10	10	10	10	10 14	7	7	5	5	5	5	5	7	7	7	5	5	5	5	5	NA	29	12	NA	26	26	26	26	26	24	17	17	17	17	17	12	26	26	26	14	26	26	5	5	5	5	27	27	1 4 6 8	2	7	32	12	12	32	33	18
the nail	5	3	3	3	3	3	3	6	12	5	15	1	6	14	18	14	NA	9	14 14	3 20	5	10	5 17	11 5 3	7	4	5	16	5 5 3	5	5	11	11	11 11	11	13	13	13	13	13	13	13	13	5	5	5	5	5	5	5	5	14	14	14	14	11	11	11	11	11	12	12	12	12 3	5	5	3	5 3	5	3	3	3	12 3	3	3	12	12	12	12	5	5	7	7	7	5	5	5	12	12	3	12 3	12 3	15	12 3	5	5	12	12	5 3	5	5	5	5	5	5 3	5	5	12	12	14	5	3	3	11	19	11	11	11	12	3	3	3	3	3	14	11	11	11	11	11	11	3	3	3	3	14	14	3 5 8	2	6	14	14	14	14	14	15
the needle(1)	7 9	23	23	23	23	23	23	21	23	4 6 10	24	5	NA	12	18	NA	9	17	12 16	5	NA	15	23	14 23	20	5	5	5	5 5	5	5	23	23	23	23	22	22	22	22	22	22	22	22	13	13	13	23	23	23	23	5	NA	NA	NA	NA	23	23	23	23	23	23	23	23	23	23	23	NA	23	23	23	23	23	23	23	23	23	23 23	23	23	23	23	20	20	20	23	23	23	23	23	23	23	23	23	23	9	9	13	13	5	5	5	9	9	9	5	5	5	13	13	NA	23	19	19	23	23	23	23	23	23	23	23	23	23	23	12	23	23	23	23	23	23	5	5	5	5	12	12	1 2 3 6	11	8	12	12	12	12	12	24
the neighbour	3	4	4	4	4	4	4	2	4	1	6 7 2 13 14	4	2	2	10	2	3	2 2	2	4	4	11	4	4	2	4	4	4	4 4	4	4	4	4	4	4	12	12	12	12	12	12	12	12	4	4	4	4	4	4	4	4	2	2	2	2	4	4	4	4	4	4	4	4	4	4	4	NA	4	4	4	4	4	4	4	4	4	4	4	4	4	4	2	2	2	4	4	4	4	4	4	4	4	4	4	3	3	4	4	4	4	4	3	3	3	4	4	4	4	NA	NA	4	8 15	9	4	4	4	4	4	4	4	4	4	4	4	2	4	4	4	4	4	4	4	4	4	4	2	2	1 1	5	2	2	2	2	2	2	4
the nest	2	19	19	19	19	19	19	8	19	9	16	NA	8	16	14	16	2	19	15	24	19	18	NA	19	19	10	10	10	10 10	10	10	19	19	19	19	18	19	21	19	19	19	19	19	10	10	10	25	25	26	25 27	10	20	30	20	15	19	19	19	19	19	19	19	19	19	19	19	NA	19	19	19	19	19	19	19	19	23	19	19	19	13	13	12 17	12 19	19	NA	13	13	19	19	19	19	19	19	19	2	2	13	13	NA	10	10	2	2	2	10	10	10	13	NA	16	29	22	22	19	19	19	19	19	19	19	19	19	19	19	15	19	19	19	19	19	19	10	10	10	10	16	16 28	1 3 4 5 6 7	11	8	15	15	15	15 29	31	32
the nettle	1	11	11	11	11	11	11	5	13 13	6	16	3	5	9	NA	16	1	15	16	3	11	12	14	10	15	3	3	3	3 3	3	3	10	10	10	10	16	16	16	16	16	16	16	16	14	14	14	14	14	14	14	1	16	16	16	16	10	10	10	10	10	10	10	10	10	11	11	11	11	11	10	10	10	10	10	10	13	13	13	13	14	14	15	15	15	14	14	14	13	10	10	10	10	10	10	1	1	14	14	1	1	1	1	1	1	1 3	1	1	14	NA	16	14	16	16	10	10	10	10	10	13	11	11	11	11	11	17	10	10	10	10	10	10	3	NA	3	3	16	16	2 7 8 8	4	5	17	17	17	17	16	18
the oats	7	11	18	18	11 18	11	18	NA	13	4	3	9	NA	16	17 23	3	7	NA	3	3 23	11	19	26	11	22	1	NA	19	1	9	NA	11	18	11	24	18	18	18	18	24	15	15	18	11	25	NA	11	NA	11	11	1	10 18 3	10 3 28	10 10 3 21	3	18	24	18	11	18	NA	NA	11 18	11	3	11	12	11	3	11	27	11	14	18	11	19	18	18	18	12	25	18	18	18	11	11	11	18	11	11	11	11	11	24	7	7	26	26	9	8	1	2	7	2	8 9	8	9	26	26	3	26	3	NA	24	18	18	18	18	13 14	23	18	11	23	11	10 3 28	18	11	18	18	NA	18	NA	NA	20	1	10	3	5	3	6	3	NA	3	10	3	29
the orphan	5 3	3	3	3	3	3	3	2	3 3 3	3	2 13 3	3	2	NA	8	7	5	2 3	9 12	3 15	3	16	10 3	3	2	3	3	3	3 3	3	3	3	3	3	3	3	3	3	3	3	3	3	3	3	3	3	3	3	3	3	3	11	11	11	11 14	3	3	3	3	3	3	3	3	3	10	3	3	10 3	3	3	3	3	3	3	3	6 3	3	3	3	3	3	2	2	2	3	3	3	3	3	3	3	3	3	3	3	3	3 17	3	3	3	3	5 3	5 3	5 3	3	3	3	3	NA	NA	3	NA	NA	3	3	3	3	3	3	3	3	3	3	3	2 14	3	3	3	3	3	3	3	3	3	3	NA	NA	3 3	4	2	3	NA	2	2	3	NA
the owl	4	15	21	21	21	21	15	8	9	3 3	8	1	8	NA	11	NA	4	9 8	8	17 19	1	20	21	13	18	13	13	13	13 13	13	13	13	13	13	13	22	22	22	22	22	22	22	22	1	1	1	21	21	21	21	1	8	8	9	9	13	13	13	13	13	21	21	21	21	15	15	21	14	15	21	21	21	21	21	21	9	1	1	9	21	23	18	18	18	21	21	21	9	21	21	21	21	NA	21	4	4	1	1	1	1	1	4	4	4	1	1	1	12	NA	NA	NA	8	10 8	13	13	13	13	13	9	21	21	21	21	15	9 8	13	13	13	13	13	20	13	13	13	13	16	NA	2 3 6 7	5	8	8	8	8	8	9	NA
the paint	3 8	8	4	8	8	8	8	NA	8	2 7 9	12 14	1	3	NA	10 8	NA	6	12 13	12	1 8	4	3	4 8	4 15 8	13	8	8	8	4 8 8	8	8	8	8	8	4	3	4 8	3 8	4 8	3	4	4	4	4 8	8	4	4	8	4	16	1	12	3	12	14	8	4	8	4	4 8	8	8	8	4 8	8	8	8	4	NA	4 8	4 8	8	8	8	8	4	8	8	8	4	8	3	NA	13	4	8	8	8	8	8	8	4	8	8	3 8	8	8	3	1 4	1 3	1 3	3	3	3	4	1 3	1 4	8	4	NA	4 8	3 12	3	8	8	8	3	4	8	8	4	8	8	4 8	12	8	8	8	8	8	8	4	8	8	8	12	NA	4	5	3	3 12	12	3	3	12	NA
the paper	3	10	10	10	10	10	10	5	9	8 8	3	2	5	3	3	3	3	3	3	2	2	11	3	2	3	2	2	2	2 2	2	2	9	9	9	9	3	3	3	3	3	3	3	3	2	7	9	3	3	3	3	2	3	3	3	3	9	9	9	9	9	2	9	9	3	10	10	10	10	10	9	9	9	9	9	9	9	9	9	9	3	3	3	3	3	3	3	3	9	9	2	9	9	9	9	3	3	2	2	8	2	2	6	3 7	6	1 8	2	8	2	9	3	3	NA	2	9	9	9	9	9	9	10	10	2 10	10	10	3	NA	9	9	9	9	9	2	2	2	2	3	3	2	4	5	11	11	11	11	3	3
the partridge	2	18	18	32	18 32	18	18	11	11	3	24	5	NA	12	25	12	2	12	12	20 30	18	17	11	11	19	17	5 36	5 23	5 5 17	10	10	29	NA	11 29	NA	16	2	16	16	2	22	2	2	11	NA	11	18 28	11	11	11	5	12	12	12	12	15	15	34	11	17	11	NA	11 21	11	18	18	NA	18	18	11 27	11	11	NA	27	11	35	11	11	11	11	11	NA	9	19	11	11	11	11	11	11	11	11	NA	11	2	2	14	14	NA	5	5	6	2 6	2 6	5	5	5	NA	NA	12	11	12	NA	NA	11	11	34	34	11	NA	31	18	18	18	12	NA	11	13	11	11	33	5	5	NA	26	12	12	1 4 7	NA	NA	NA	NA	12	NA	12	24
the pea	5	5 18	5	18	18	5 18	18	13	18	2 6	13	9	NA	13	16	13	1	11 13 13	13	9	9	5	18	9 18	12 5 13	9	9	9	9 9	9	9	18	9	9	9 18	18	18	18	18	18	17	18	18	5	5	5	5	18	5	15	9	NA	5 13	5	13	9	18	9	18	5 9	9 18	18	18	18	18	18	18	18	18	9 18	9 18	9 18	18	18	9 18	18	18	18	18	18	15	5	5	5	18	18	15 18	18	18	18	5 18	18	5	18	5	5	19	9	5 9	9	9 18	10	5	5	9	9	9	9	18	13	18	13	13	9	18	9 18	9	9	18	18	5	18	18	18	13 14	NA	18	18	18	18	5	9	9	9	9	5	13	3 4 6 7 8 9	NA	NA	5 13	5	13	13	13	5
the pear	6	8 18	18	18	18	8 18	18	7	10	3 4	7 14	1	NA	9	16	9	6	7	9 13	1	18	8	NA	10 15	7	1	1	1	1 1	1	1	10	10	10	10	17	17	17	17	17	17	17	17	18	18	18	17	17	17	17	1	NA	9	NA	NA	10	10	10	10	10	10	10	10	10	11	11	NA	11	11	10	10	10	10	10	10	10	10	10	10	17	17	7	7	7	17	17	17	10	10	10	10	10	10	10	6	6	10	10	1	1	1	6	6	6	1	1	1	10	10	NA	17	12	12	10	10	10	10	10	10	18	18	18	18	18	7	NA	10	10	10	10	10	1	1	1	1	9	9	1 2 5	NA	NA	12	12	12	12	9	7
the pencil	2 3	1	2	2	2	1	1	1	1	1	1	2	NA	1	11 1	1	3	1	1	2	2	2	1	2 1	1	1	1	1	1 1	1	1	1	1	1	1	1	1	1	1	1	1	1	1	1	1	1	1	1	1	1	1	1	1	1	1	1	1	1	1	1	1	1	1	1	1	1	2	2 1	1	2 1	2	1	2	2	1	1	1	1	1	1	1	1	1	1	1	1	1	1	1	1	1	1	1	1	2	2	1	1	1	1	2 1	3	2 3	3	1	1	1	1	1	1	1	1	1	1	1	1	1	1	1	2	2 1	2	2	2	1	1	1	1	1	1	1	1	1	1	1	1	1	1	NA	NA	1	1	1	1	1	1
the pepper	5	4	4	4	4	4	4	4	4	3	5 7	1	NA	NA	7	NA	5	4 5 11 11	7	7 9 4	4	6	4	4	8	4	4	4	4 4	4	4	4	4	4	4	4	4	4	4	4	4	4	4	4	4	4	4	4	4	4	4	7	6 7 6	6	7	4	4	4	4	4	4	4	4	4	4	4	6	4	4	4	4	4	4	4	4	6	4	4	4	4	4	6	10	8	4	4	4	4	4	4	4	4	4	4	5	5	4	4	4	4	4	5 6	5	5	4	4	4	4	4	NA	4	6	6	4	4	4	4	4	4	4	4	4	4	4	6	4	4	4	4	4	4	4	4	4	4	7	NA	2 5	4	5	6	NA	7	6	12 5 7	NA
the pig	6	8	8 16	8	8	8	8	7	8	4	7	3	7	7	15	13	6	7	7 3 14	3	8	11	3	12	7	3	3	3	3 3	3	3	12	12	12	12	9	9	9	9	9	9	9	9	8	8	8	3	3	3	3	3	7	7 14	7	NA	12	12	12	12	12	12	12	12	12	8 16	8	8	8	8	12	12	12	12	12	12	10	8	8	8	3	3	7	7	7	3	3	3	8	12	12	12	12	12	12	6	6	8	8	3	3	3	6	6	6	3	3	3	8	8	13	3	7	7	12	12	12	12	12	8	8	8	8	8	8	7	12	12	12	12	12	12	3	3	3	3	13	13	1 5	7	7	7	NA	7	7	7 3	7
the pipe	1	1	1	1	5	1	1	NA	NA	1	9 10 1 1 11	2	NA	5	6	NA	3	NA	NA	6	1	9	NA	NA	NA	9	1	1	1	1	1	1	NA	1	1	8	1	5	1	1	1	5	1	1	NA	1	1	1	5	1	1	5	7	5	NA	1	5	1	1	5	1	1	1	1	5	5	5	NA	5	1	1	1	1	1	1	1	5	1	5	1	1 5	NA	5	5	1	1	1	1 5	1	1	1	5	1	1	1	1	5	1	1	1	5	1	1	5 1	4 5 1	1	1	1	1	5	1	5	NA	5	5	5	5	1	1	1	1	1	1	1	9	5	1	5	1	1	9	5	5	NA	9	9	6	NA	5	5	5	NA	5	8	NA	1
the plum	9	24	24	15 24	24	24	24	19	24	4 7 20	20	5	NA	NA	26	27	9	20 20	17	20	24	23	NA	25 24	9 20	15	15	15	15 15	15	15	24	24	24	24	16	16	16	16	16	16	16	16	5	5	5	5	5	5	5	5	17	17	17	17	24	24	24	24	24	24	24	24	24	24	24	24	24	24	24	24	24	24	24	24	24	24	24	24	NA	28	20	NA	16	5	5	5	24	24	24	24	24	24	24	9	9	5	5	5	5	5	9	9	9	5	5	5	22	5	NA	28	20	18	24	24	24	24	24	24	24	24	24	24	24	20	NA	24	14 24	24	24	24	15	15	15	15	NA	NA	1 2 3 6 10 11 11 13	NA	NA	NA	NA	17	17	17	NA
the pocket	1	1	1	1	1	1	1	2	1 1	1	2 7	1	2	7	2	2	1	3 7	2 7	2	1	5	1 2 4	4	1 7	1	1	1	1 1	1	1	1	1	1	1	2	2	2	2	2	2	2	2	1	1	1	1	1	1	1	1	7	7	7	NA	1	1	1	1	1	1	1	1	1	1	1	1	1	1	1	1	1	1	1	1	1	1	1	1	1	1	1	1	1	1	1	1	1	1	1	1	1	1	1	1	1	1	1	1	1	1	1	1	1	1	1	1	1	1	2	1	6	6	1	1	1	1	1	1	1	1	1	1	1	7	1	1	1	1	1	1	1	1	1	1	2	2	1	1	2	6	6	6	6	2 7	1
the poison	2	4	4	4	4	4	4	4	4 4 10	2	4	4	4	4	11	4	2	4 4 4	4	NA	4	8	4 4 4 9	4 4	6	4	4	4	4 4 8	4	4	4	NA	4	4	8	4	4	4	4	4	4	4	4	4	4	4	4	4	4	4	4	4	4	4	4	4	4	4	4	4	4	4	4	4	4	NA	4	4	4	4	4	4	4	4	4	4	4	4	4	4	4	4	4	4	7	7	4	4	4	4	4	4	4	2	2	4	4	1	4	4	2	2	2	4	4	1	4	4	4	4	4	4	4 4	4	4	4	4	4	4	4	4	4 4	4	4	4	4	4	4	4	4	4	4	4	4	4	4	2 3 4 5 5	4	4	4	4	4	4	4	4
the price	2	3	3	3	3	3	3	1	3	3 4 5	1 3 7	3	1	3	7	NA	2	1 3 8	1 3	1 6 3	7	9	3	1 3	1	3	3 8	3	3 3	3	3	3	3	3	3	3	1	1	1	3	3	1	3	3	3	3	3	3	3	3	3	1	1	1	1	3	3	3	3	3	3	3	3	3	3	3	3	3	3	3	3	3	3	3	3	3	3	3	3	3	3	1	1	1	3	3	3	3	3	3	3	3	3	3	2	2	3	3	3	3	3	2	2	2	3	3	3	3	3	NA	3	1	1	1 3	3	3	3	3	3	3	3	3	3	3	1	3	3	3	3	3	3	3	3	3	3	NA	NA	1 3	3	1	1	1	1	1	1	NA
the prison	7 8 9	7	7	7	7 13	7	7	7	7	6 13	7	4	7	NA	15	11	8	7	7	13 7	7	9	7	7	7	1	9	9	1 9 9	1	1	1	1	1	1	7	7	7	7	7	7	7	7	7 9	NA	9	7	7	7	7	4 1	7	7	7	7	1	7 9	7 1	7	1	7 13	7	7	7	7	7	7	7	7	7	7	7 13	7	7 12	7 13	7	7	7	7	7	9	7	7	7	7 14	7	7	7	7	7	7	7	7	7	7	7	7	7	4	4	4 9	9	9	8 9	4	4	4	9	1	NA	7	7	7	1	1	1	1	1	7	7	7	7	7	7	7	7	1	7	1	7	7	3 1	1	9	7	NA	NA	2 2 4 5 13	7	7	7	7	7	9	7	NA
the pumpkin or squash	4	1	1	1	1	1	1	5	5	7	5	2	NA	5	5	5	NA	NA	NA	5	1	14	5	11	NA	5	2	5	5 5	5	5	5	5	5	5	5	5	5	5	5	5	5	5	5	5	5	5	5	5	5	5	NA	NA	NA	NA	5	5	5	5	5	1	1	11 1	1	5	5	5	5	5	1	1	1	1	1	1	10	NA	13	14	5	5	5	14	5	5	5	5	5	11	11	11	11	11	11	4	4	5	5	5	5	5	4	4	4	2	5	5	5	5	5	5	5	5	5	5	5	5	5	1	1	1	1	1	1	5	5	5	8	5	5	5	5	5	5	9	12	12	3 6	5	5	12	12	12	12	15	5
the reindeer/caribou	4	14	14	14	14	14	14	7	14	3	17	5	7	17	18	7	4	7 7 9	17	12	14	16	5	14	13	5	5	5	10 5 5	5	5	14	10	14	14	1	1	1	10 1	1	7	7	7	5	11	5	5	5	5	15	5	20	20	20	20	14	14	14	14	14	14	14	10 14	14	14	10	NA	14	14	10 14	10	14	10	14	14	14	14	14	14	14	10	7	NA	7	10	10 14	14	10	10 14	14	14	14	10 14	14	4	4	5	5	5	5	5	4	4	4	5	5	5	6	5	7	10	20	17	14	14	14	14	14	14	14	14	14	14	14	17	14 19	14	14 19	14	14	14	8 10 5	10 5	10 5	10 5	17	17	2	NA	NA	20	NA	17	17	21	5
the rice	2	6 10	6	6	6	6 10	6	2	2	1 1	2	6	2	7	6	2	2	7	7	6	6	10	NA	6	NA	6	6	6	6 6	6	6	6	6	6	6	9	9	9	9	7	2 7	7	7	2	2	2	6	6	6	6	6	7	7	7	7	6	6	6	6	6	6	6	6	6	6	6	6	6	6	6	6	6	6	6	6	2	2	2	2	6	6	7	7	7	6	6	6	2	6	6	6	6	6	6	2	2	2	2	6	6	6 6	2	2	2	6	6	6	2	2	2	6	8	8	6	6	6	6	6	2	6	6	6	6	6	10	6	6	6	6	6	6	6	6	6	6	7	7	2 3 4 5 1 7	NA	NA	10	NA	10	NA	7	2
the ring	2 9	28	28	28	25	28	28	8	26	5 6 10	13	11	8	15	32	31	2	17	18	14 19 23 11	28	9	26 29	22 26	12	11	6	11	11 11	11	11	26	26	26	26	28	28	28	28	28	28	28	28	30	27	27	16	26	16	26	11	18 21	18 21	18	18	26	26	26	26	26	26	26	26	26	28	28	NA	28	28	26	26	26	26	26	26	26	26	26	26	26	26	12	9	12	20	NA	20 24	26	26	26	26	26	26	26	2	2	27	NA	11	11	11	2	2	2	11	11	11	33	NA	NA	26	1	1	26	26	26	26	26	26	28	28	28	28	28	9	26	26	26	26	26	26	11	11	11	11	31	31	3 4 7	1	8	34	34	34	34	34	1
the rope	4 9	19	19	19 26	19	19	19	24	26 26 15	2	12 20 23	4	NA	NA	21	NA	8	13 22 28 26 26	20	10 19	19	14	4 30	26	22	19	19	19	19 19	19	19	26	26	26	26	26	25 26	26	25 26	26	26	26	26	26	26	26	30	30	29	27	4	20	20	20	20	26	26	26	26	26	26 26	26	26	33	31 26	26	NA	31 26	31 26	26	26 26	26	26	26	26	16	16	16 32	16 18	27	30	21	21	21	NA	17	17 26	16	NA	26	26	26	26	26	4	4	4 27	27	NA	4	4	4	4	4	4	4	4	11 4 34	NA	NA	27	NA	20	26	26	26	26	26	26	19	19	19 31 26	19	19 31 26	20	26	26	26	26	26	26	19	19	19	19	26	NA	2 5 6 6 7	1	3	20	20	20	20	20	NA
the rosary	NA	6	6	6	6	6	6	11	5 5	4 5	NA	6	NA	12	5	10	3	7 11	11	5 6	6	16	5	NA	11	6	6	6	6 6	6	6	5	5	5	5	5	5	5	5	5	5	5	5	6	6	6	5	14	5	5	6	11	11 15	11	11	5	5	6	5	5	5	5	5	5	6	6	6	6	6	5	5	5	5	5	5	6	5	5	5	5	5	11	11	11	6	8 5	6	5	9 5	5	5	5	5	5	NA	3	6	6	1 2	6	6	6	6	6	6	6	1	13	6	10	NA	NA	17	5	5	5	5	5	5	6	6	6	6	6	11	NA	5	5	5	5	5	5	5	5	5	10	10	5 6	NA	NA	11	11	11	11	11	5
the rust	4	13	13	13	13	13	13	4	13	3	7	2 11 2	NA	7	12	7	4	16 16	NA	NA	13	15	NA	5 13	16	2	2	2	2 2	2	2	5	5	5	5	5	5	5	5	5	5	5	5	2	2	2	13	13	NA	13	2	7	10	7	7	5	5	5	5	5	13	13	13	13	13	13	NA	13	13	13	13	13	13	13	13	13	13	13	13	13	13	16	16	16	13	13	13	13	13	13	13	13	13	13	4	4	14	2	2	2	2	4	4	4	2	2	2	2	18	NA	13	7	7	5	5	5	5	5	13	13	13	13	13	13	8	NA	5	5	5	5	5	2	2	15	2	7	7	1 4 4	NA	NA	19	NA	19	19	19	19
the sand	3	5	5 7	5	5	5	5	4	5	6	14	5	NA	17	5	17	2	12	17	11 5	5	13	5 15	5	10	5	5	5	5 13 5	5	5	5	5	5	5	5	5	5	5	5	5	5	5	5	15	5	5	5	5	5	5	17	17	17	17	16	16	16	16	16	5	5	5	5	18	18	18	5	18	5	5	5	5	5	5	5	5	5	5	15	15	13	13	13	5	5	5 15	5	5	5	5	5	5	5	2 3	3	5	5	NA	5	5	2 3	3	3	5	1	5	5	NA	19	15	14	13	16	5	16	13	16	5	5	5	5	5	5	14	5	5	5	5	5	13	5	5	5	5	17	17	6 7 9	8	4	20	NA	20	20	20	5
the saw	4	1	1	1	1	1	1	17	10	1 1	19	1	6	19	15	19	7	16	5	4	1	14	1	10	16	1	1	1	1 1	1	1	10	10	10	10	8	8	8	8	8	8	8	8	5	5	5	1 5 10	5	10	5	4 1	9 5	9 5	9 5	5	10	10	10	10	10	10	10	10	10	1	1	NA	1	1	10	10	10	10	10	10	10	10	10	10	1	1	16	16	16	5	10 5	5 10 1	10	10	10	10	10	10	10	4	4	3 5	3	1	1	1	4	4	4	4 1	1	1	3 5	3 4	NA	1	11 19	11 19	10	10	10	10	10	10	1	1	1	1	1	11 19	10	10	10	10	10	10	1	1	1	1	19	19	2	5	6	20	NA	20	20	20	20
the scar	10	36	36	36	36	36	36	NA	NA	8	14 31	3	NA	NA	28	30	9	NA	1 33	19 11	26	10	25 23 11	21 23	NA	11	11	11	10 10 11 11	11	11	21 10	21 23	21 23	21 23	17	17 18	17	17 18	17	17 18	18	18 34	NA	NA	3	23	23	23	25	4 11	1	1	1	1	21	27	21	21 27	21 27	23	21 32	21	21 23	24	36	NA	23	24	21	23	21 23	21 10	21 23 23	21 23	13 13	13 23	23	13 23	23	22	29	NA	31	23	15 23	22	23	23	21	23	21 23	21 23	21 23	10 11	10 11	3	NA	3 11	3	3	6 10	6 10	10	3 11	NA	3 11	26 3 39	26 39	NA	23	20	20	21	21	27	23	23	23 25	36	36	16 26	36	16	31	21	21	21	21	21	35	19 11	11	10 11	10 11	1	1	2 5 5 8 12	7	1	1 1	1	1	1	1	NA
the school	4 4	6	6	6 4	6 4	6	6	4	6	5	4	6	4	4	8 5 6	4	4	4 6	4	6 4	4	4	6	6 4	4 6	6	6	6	6 6	6	6	6	6	6	6	6	4	4	4	6 4	6	6	6 4	6	6	6	6	6	6	6	6	4	4	4	4	6	6	6	6	6	6	6	6	6	6	6	6 6	6 6	6	6	4	6	6	6	6	6	6	6	6	6	6	4	4	4	6	6	6	6	6	6	6	6	6 4	6 4	4	4	6 6	6	6	6	6	4	4	4	6	6	6	6	6	4	6	4	4	6	6	6	6 4	6	6	4	6	6 4	6 4	6	4	NA	6	6	6	6	6 4	6	6	6 4	6 4	4	4	1 2 3 5 7	4	4	4	4	4	4	4	6
the scissors or shears	4 7	16	16	16	16	16	16	8	21	5 6	13	7	8	12	19	11	4	16	12	7	7	17	7	20	22	7	7	7	18 7	7	7	20	20	20	20	10	10	10	10	10	10	10	10	9	9	9	7	7	7	7	7	12	12	12	12	20	20	20	20	20	20	20	20	20	16	16	16	16	16	20	20	20	20	20	20	21	21	21	21	16	16	22	22	22	7	7	7	21	20	20	20	20	20	20	7	7	9	9	7	7	7	7	7	7	7	7	7	9	9	11	7	14	14	20	20	20	20	20	21	16	16	NA	16	16	12	20	20	20	21	20	20	7	7	7	7	11	11	1 7	3	8	14	NA	14	14	14	23
the scythe	2	3	3	3	3	3	3	15	20	6 7	14	NA	5	21	NA	12	8	11 14	14 18	22	3	9	20	3	13	22	22	22	22 22	22	22	3	3	3	3	10	10	10	10	10	10	10	10	22	22	22	20	20	20	20	3	19	19	19	NA	3	3	3	3	3	3	3	3	3	3	3	NA	3	3	3	3	3	3	3	3	3	3	3	3	3	20	11 13	13	14	20	20	20	3	3	3	3	3	3	3	2	2	22	NA	2	2	2 4	2	2	2	2 3	2	2	22	22	NA	NA	16	17	3	3	3	3	3	3	3	3	3	3	3	19	3	3	3	3	3	3	22	22	22	22	12	12 16	1	NA	NA	14	14	14	14	14	20
the sea	6	7	7	7	7	7	7	4	7	1	4	8	4	4	14	4	6	4	4	8	7	10	2	7	4	2	2 8	2	2 2	2	2	7	7	7	7	13	13	13	13	13	13	13	13	2	2	2	2	2	2	2	8	4	4	9 10	4	7	12	7	7	7	7	7	7	7	7	7	7	7	7	7	7	7	7 11	7	7	7	7	7	7	8	2	10	4	10	2	2	2	7	7	7	7	7	7	7	6	6	2	2	8	8	8	6	6	6	8	8	8	8	8	4	2	4	10	7	7	7	7	7	7	7	7	7	7	7	4	7	7	7	7	7	7	2	8	10	2	10 4	4	2 5	4	4	NA	NA	4	4	4	4
the shade or shadow	5	22	22	22	22	22	18 22	6	10	3	21	7	6	11	1	11	2	14	11	13	7	24	10 20 22	17 22	14	7	7	7	7 7	7	7	17	17	17	17	17	17	17	17	25	25	25	25	10	10	10	10	10	10	10	7	11	11	11	11	16	16	16	16	16	22	22	22	22	10	10	NA	10	NA	22	22	22	22	22	22	19	10	10	12	10	10	14	14	14	10	10	10	10	22	22	22	22	22	22	5	5	10	10	NA	7	7	5	5	2 5	7	7	7	NA	NA	NA	10	15	15	16	16	16	16	16	10	22	22	22	22	22	11	22	17	22	17	17	23	16	16	16	NA	11	11	8 9	4	6	26	26	26	26	11	NA
the shop/store	1 5	1	5 1	1	5 1	1	1	4	1 1	1 6 7	1	5	4	NA	1	NA	5	5	1	1	5 1	5	1	5 1	4	1	5	5	5 5	1	1	5 1	5	1	1	1	1	5 1	5 1	1	1	1	1	5	1	5	1 5	4 1	1	1	1	1	1	1	1	1	5 1	1	5	5 1	1	5 1	5 1	1	1	1	1	1	5 1	5 1	1	1	5 1	1	1	1	1 4	1	1	1	1	5	8 1	5	NA	1	1	1	5 1	1	1	5 1	5	1	1 5	1 5	5	4 5	1	1	1 5	1	1	1 5	1 5	1	1	1 5	1 5	NA	1	1	1	5 1	1	1	5 1	5 1	1	1	1	1	1	1	1	NA	1	5 1	1	5 1	5 1	1	5 1	5 1	1	NA	NA	1 2 3 5	1	4 5	1	NA	1	1	1	6
the sickle	9	17	17	17	17	17 22	17	16	14 27	7 8	20 25	10	NA	NA	18	21	NA	NA	NA	10	17	22	12	14	NA	27	27	27	27 27	27	27	14	28	14	28	14	14	14	14	14	14	14	14	12	12	12	26	12	23	26	2 10	24 24	24 24	24	NA	14	14	14	14	14	14	14	14	14	13	13	NA	13	17	14	14	14	14	14	14	23	23	17	23	15	12	19	19	19	12	12	12	14 27	14	14	14	14	14	14	9	9	12	12	10	10	10	11	11	11	10	4 10	10	10	12	NA	12	25	25	14	14	14	14	14	17	17	17	17	17	17	25	14	14	14	14	14	14	27	27	27	27	NA	NA	1 3 5 6	29	30 31	NA	NA	NA	24	21	NA
the silver	3 5	3	3	3	3	3	3	7	1	2	1	3	4	NA	12	NA	5	8 4 4	1	3	3	10	3	1	4	3	3	3	3 3	3	3	1	1	1	1	1	1	1	1	1	1	1	1	3	9	3	3	3	3	3	3	1 11 10	1 11 10	1	1	1	1	1	1	1	1	1	1	1	3	3	3	3	3	1	1	1	1	1	1	1	1	1	1	3	3	NA	1	NA	3	3	3	1	1	1	1	1	1	1	3 5	3 5	3 9	9	3	3	3	5	5	3	3	3	3	3	3	NA	3	6	6	1	1	1	1	1	1	3	3	3	3	3	1	1	1	1	1	1	1	3	3	3	3	NA	NA	NA	1	4	1	NA	1	1	1	1
the slave	5	8 12	12	12 8	8	8 12	8	7	12	2	4	1	4	11	4	NA	5	11 4 8	4	1	9 1 12	7	1 12	12	NA	8	1	1	1 10 10	10	10	10	NA	12	11	11	11 4	11	11	4	11	4	4	1	1	1	13	1	1 13	1	1	4	4	4	4 10	10 12	12	8	10 12	8	8 12	8 12	12	12	12	12	12 12	12	12	12	12	8	12	12	8	12	12	12	12	12	12	4	NA	NA	1	6	12	12	12	12	12	12	12	12	5	5	NA	1	6	1	1	5 6 7	5	5	1	1	6	1	1	NA	1	4	NA	12	8 12	12	12	10	12	9 12	NA	12	12 14	12	4	NA	11	11	12	11	11	1	1	7	8	4	NA	3	6	4	NA	NA	11	4	4	NA
the sledge/sled	10	12	12	12	12	12	12	5	6	7	17 24	NA	NA	24	21	24	10	24	13 24	24 24	15	22	15 15	6	24	22	19	22	19 22	19	19	6	14	6	14	15	15	15	15	15	15	15	15	11	NA	11	19	19	19	19	11	22	22 24	22	NA	6	6	6	6	6	6	6	6	6	15	15	22	12 20	15	6	6	6	6	6	6	23	6	6	6	15	15	24	24	24	16	NA	11	6	6	6	6	6	6	6	10	10	11	11	11	11	11	6 10	6	6	11	11	11	11	11	24	15	24	22	6	6	6	6	6	6	12	12	12	12	12	24	6	6	6	6	6	6	19	19	19	19	24	24	2 4 8 9	24	5	24	NA	24	24	25 24	22
the sleeve	7	27	5	5	8	16 5	5	8	8	2 3	15	4	NA	12	19	14	7	18 20	12	10	5	21	25	17	13	10	10	10	10 10	10	10	17	17	17	17	9	9	9	9	9	9	9	9	5	25	5	25	25	25	25	4	12	12	12	12	17	17	8	17	8	17	17	17	17	5	24	NA	5	5	17 17	17	17	23	17	22	8	8	5	5	25	25	13	NA	13	25	25	25	5	17	17	17	17	17	17	7	7	25	25	NA	4	4	6	7	5	4	4	4	5	NA	NA	25	12	12	17	17	17	26	8	8	5	5	5	5	5	11	17	17	17	17	17	11	10	10	10	10	13	13	1 1	NA	NA	NA	NA	12	11	12	13
the soap	1	1	1	1	1	1	1	1	1	1	1	1	1	1	1	1	1	1	1	1	1	2	NA	1	1	1	1	1	1 1	1	1	1	1	1	1	1	1	1	1	1	1	1	1	1	1	1	1	1	1	1	1	1	1	1	1	1	1	1	1	1	1	1	1	1	1	1	1	1	1	1	1	1	1	1	1	1	1	1	1	1	1	1	1	1	1	1	1	1	1	1	1	1	1	1	1	1	1	1	1	1	1	1	1	1	1	1	1	1	1	1	1	3	3	1	1	1	1	1	1	1	1	1	1	1	1	NA	1	1	1	1	1	1	1	1	1	1	1	1	1	1	1	NA	1	1	1	1
the song	11	1	1	1	1	1	1	5	2 1	3 9	5	1	5	5	19 20 20	5	11	5 26	18	20 28	17 22 1	27	25	1	5	1	1	1	1 1	1	1	1	1	1	1	2	2	2	2	2	2	2	23	1	1	1	17	17	17	17	1	18	18	18	18	1	1	1	1	1	1	1	1	1	1	1	1	1	17 22 1	1	1	1	1	1	1	1	1	1	1	1	1	5	5	5	1	1	1	1	1	1	1	1	1	1	11	11	1	1	1	1	1	11	11	11	8	1	1	1	NA	5	25	24	24	1	1	1	1	1	1	1	1	1	1	1	5	1	1	1	1	1	1	1	1	1	1	5	5	4 6 9 10 12 13 14	7	5	5	NA	5	5	5	5
the soup	3 5	13 2	13	13	13 2	13 2	13	2	12	2	2	2	2	2	2	10 2	4	7 2	2	2	3 13	3	16	8 2	2	2	2	2	3 2 2	2	2	2	2	2	2	11	11	11	11	11	11	11	11	9	9	9	12	12	12	12	3 2	2	2	2	2	2	2	2	2	14 2	8 13	8	8	8	13 16	16	15	16	3 13	8	8	8	8	8	8	2	2	2	2	NA	3 2	2	2	2	12	12	12	2	8	8	8	8	8	8	3 4	3 4	9	9	3	3	3	3 4	3 4	3	3	2 3	3 2	9	3	2	16	2	2	8 2	2	2	2	2	12	3 13 2	13	13 2	13 2	13 2	2	NA	2	2	6	2	2	2	2	6	2	2	2	3	1	2	2	2	2	2	NA	10
the spade	6 8	6	6	6	6	6	6	1	12	4 7	2 10	5	1 3	19	9 2	2	8	1	2 14	2 15 6	11 16 2 11	6	2 20	2	1	6	6	6	6 6	6	6	6	6	6	6	12	12	12	12	12	12	12	12	15	6	15	16	16	13	16	2 5	2	2	2	2	6	6	6	6	6	6	6	6	17 6	2	6 2	6	6 2	11 16 2 11	6	6	6	6	6	6	18	12	12	12	6	2	1	1	1	2	2	2	12	6	6	6	6	6	6	6	6	15	15	5	5	5 6	6	6	6	5 2	5	5	6	15	2	2	6	6	6	6	6	6	6	12	6 2	6	11 6 2	11 6	11 2	2	6	6	6	6	6	6	2 6	6	6	6	2	2	2	2	1	2	2	2	2	21 2 19	21
the spider	3	36	36	36	41	36	36	8 11	34	2	22	5	8 11	23	16	27	9	15 26	30	21 21	36	25	32	31	15	5	5	5	5 5	5	5	31	31	31	31	39	39	39	39	39	39	39	19	17	17	17	32	32	32	32	5	30	30	30	30	31	31	31	31	31	31	31	31	31	36	36	NA	36	36	31	31	31	31	31	31	18	18	18	18	32	33	14	NA	15	32	32	32	18	31	31	31	31	31	31	3 9	3 9	24	NA	5	5	5	3	3	3	5	5	5	17	17	20	32	38	38	31	31	31	31	31	34	36	36	36	36	36	28	31	31	31	31	31	31	5	5	5	5	20	20	1 2 4 6 10 12 12 13	7	8	45	NA	43	42	44	45
the spoon	4	21	21	21	21	21	21	4	21	6	9 10 12	3	4	11	1	7	4	4 17	10 11	3	21	18	13	19	10	3	3	3	3 3	3	3	19	19	19	19	14	14	14	14	14	14	14	14	16	16	16	13	13	13	13	3	NA	NA	NA	NA	19	19	19	19	19	19	19	19	19	21	21	21	21	21	19	19	19	19	19	19	21	21	21	21	13	13	4	4	4	13	13	13	21	19	19	19	19	19	19	4	4	16	16	3	3	3	4	4	4	3	3	3	16	16	7	13	20	20	19	19	19	19	19	21	21	21	21	21	21	10	19	19	19	19	19	19	3	3	3	3	7	7	3	2	4 5	10	10	10	10	10 22	10
the sugar	2	2	2	2	2	2	2	2	2	2	2	4 2	2	NA	2	NA	2	2	2	2	6	8	2	2	3	4 2	2	2	2 2	2	2	2	2	2	3 2	2	2	2	2	2	2	2	2	2	2	2	2	2	2	2	2	2	2	2	2	2	2	2	2	2	2	2	2	2	2	2	3	2	2	2	2	2	2	3 2	2	2	3 2	2	2	2	2	3	3 2	2	2	2	2	2	2	2	2	2	2	2	2	2	4	4	4 2	4	4	2	3 2	2	4 2	4	2	4	4	NA	2	2	2	2	2	2	2	2	2	2	7	2	2	2	2	NA	2	2	2	2	2	4 2	2	2	2	2	NA	1 4 2 2 5	2	2	3 2	NA	2	2	2	NA
the table	1	1	1	1	1	1	1	1	1	6 9	1	1 7	1	1	11 15 16	1	5	1	1	1	1	1	1	1	1	1	1	1	1 1	1	1	1	1	1	1	1	1	1	1	1	1	1	1	1	1	1	10	10 1	10	10 1	7	1	1	1	1	1	1 13	1	1	1	1	1	1	1	1	1	1	1	1	1	1	1	1	1	1	1	1	1	1	1	14	1	1	1	1	10	10 1	1	1	1	1	12 1	1	1	1	1	1	1	7 1	NA	1	1	1	1	1	2	7 1	1	1	1	1	1	1	1	1	1 1	1 13	1	1	1	1	1	1	1	1	NA	1	1	1 13	1 13	1	7	1	1	1	1	1	3 4 8	1	1	1	1	1	1	1	1
the tail	5	18	18	18	18	18	18	6	14	1 2 3	16	8	6	15	17	15	5	15	15 16	8	18	9	12	14	15	8	8	8	8 8	8	8	14	14	14	14	14	14	14	14	14	14	14	14	10	10	10	12	12	12	12	8	15	15	15	15	NA	14	14	14	14	14	14	14	14	18	18	18	18	18	14	14	14	14	14	14	11	14	14	14	12	12	15	15	15	12	12	12	14	14	14	14	14	14	14	5	5	10	10	NA	8	8	5	5	5	8	8	8	10	NA	15	12	13	13	14	14	14	14	14	14	18	18	18	18	18	15	14	14	14	14	14	14	8	8	8	8	15	15	4 4 2	7	6	15	15	15	15	15	15
the thief	4	6	6	6	20 6	6	6	1	28 28 29	5 8 8	1	6	1	1	22	24	4	18 23 23 1	1	6	6	13	14 27	19 28 6	18	6	6	6	6 6	6	6	28	12	28	12 28	30	30	30	30	30	30	30	21	26	26	26	20	27	20	27	6	1	1	1	1	28	28	12	28	28	20	6	17	6	20	20	6	20 31	20	17	16	16	16	16	16	29	29	28 29	29	20	NA	1	1	1	NA	27	27	20	6	6	15	15 20	32	6	4	4	26	26	6	6	6 10	4	4	4	6	6	6	26	NA	24	27	25	25	28	28	28	28	28	29 20	6	6	6	6	6	1	28	12	12 28	28	28	12 28	6	6	6	6	24	24	2 7 8 9	1	1 3 11	1	1	1	1	1	1
the thing	4	5	5	5	5	5	5	8	14 5	5	8 21	5	NA	19 19	24	12	3	NA	16 16 22	14	5	6 21	15	18 5	NA	5	17	5	5 5	5	5	18	18	18	18	26	26	26	26	26	26	26	26	15	15	15	15	15	15	15	7	25	9 10	25	9	18	18	18	18	18	5	5	5	5	5	5	5	5	5	5	5	5	5	5	5	5	5	5	5	15	15	28	28	28	15	15	15	5	18 5	5	5	5	5	5	3 4	4	15	15	5	5 7	5	1 4 6	1 4	3	5 7	5	5	15	NA	12	15	27	11	18	18	18	18	18	5	5	5	5	5	5	13 23	18	18	18	18	18	18	5	5	5	5	12	12	NA	2	8	NA	10	10	NA	29	8
the thread	1	11	11	11	11	11	11	5	12 22 25	6	10 14 15 26	1	NA	20	21	20	1	16 18	20	3	11	19	23	17	13	1	3 1	3	3 3	3	3	22	17	17	17	21	21	21	21	21	21	21	21	23	23	23	23	23	23	23	1	20	20	14 20	20	22	17	17	17	17	17	17 22	17	17	11	11	24	11	11	17	17	17	17 22	22	17	25	25	25	25	23	23	16	16	16	23	23	23	12 25	22	17	17 22	17	17	17	1 4	4	1 23	1 23	3 1	3 1	3 1	1	1	1	3 1	3 1	3 1	27	27	20	23	14	14	17	17	17	17	17	25	11	11	11	11	11	14	17	17	17	17	17	17	3	3	3	3	20	20	2 6 8 9	7	5	14	NA	14	14	14	14
the time	3	1 15	1	1	1	1 15	1	5	2 1 6 5 1	1 5 5	8 5 4	1	4	NA	16	NA	3	8 9 5 4 15	11 5 12 13 14	1 5 15	17	7	1 6 10 5 15	1 6 18	5 4	1	1 5	1	1 1	1	1	1	1	1	1	5	5	1 5	1 5	5	5	5	5	1	1	1	1	1	1	1	1	5	5	5	5	1	1	1	1	1	1	1	1	1	1	1	1	1	1	1	1	1	1	1	1	1	1	1	1	1	1	5	5	5	1	1	1	1	1	1	1	1	1	1	3	3	1	1	1 5	1 5	1 5	3	3	3	1 5	1 5	1 5	1	1	NA	1	5	5	1	1	1	1	1	1	1	1	1	1	1	5	1	1	1	1	1	1	1	1	1	1	14	NA	1	5	4	5	5	5	5	5 12	NA
the tobacco	1	3	3	3	3	3	3	3	3 3	2	3	1	3	3	7	3	3	3 3	3	3	3	2	3	3	3	2	3 1	3	3 3	1	1	3	3	3	5 3	3	3	3	8	3	4	3	3	1	1	3	3	1	1	NA	1	3	3 3	3	3	3	5 3	3	3	3 3	3	3	3	3	3	3	3	3	3	3	3	3	3	3	3	3	3	3	3	1	3	2 3	3	3	1	3 1	1	3	3	3	3	3	3	3	1	1	1	1	1	1	1	1	1	1	1	1	1	5	1	3	3	3	6 3 9	3	3	3	3	5	3	3	3	3	3	3	3 3	3	3	3	3	3	3 3	3	1 3	3	2	3	3	3 1	1	3	3	5 3	3	3	3	1
the tongs	3	3 18	3 18	18	18	3 18	18	17	12	8	10	3	NA	11	16	17	3	6 17	10	6 3	3 18	14 19	6 12	15 3	17	6	6	3	3 3	3	3	15	NA	15	15	12	15	15	15	12	15	15	12	6	6	6	6	12	6	12	5	10	10	10	10	15	15	3	15	3	15 3	15	15 3	15 3	18	18	12	12	18	15	15	15	15	15	15	12	12	15	12	12	12	17	17	17	6	6 12	6	15	15	15	15	15	15	15	3	3	6	6	3	3	3	3	3	3	3 6	3	3	3	3	17	6	10	NA	15	15 3	3	15	3	12	18	3 18	18	18	3 18	10	NA	15	15	15	15	17	7	3	3	3	17	17	1 1 3 4	9	6 9	10	10	10	10	10	6
the towel	3	3	3	3	3	3	3	10	3	7 8	15 10	3	12	NA	14	NA	9	10	NA	13 17 18 18	3	10	3	3	10	3	3	3	3 3	3	3	3 10	3	3	3	10	10	10	NA	10	10	10	10	3	3	3	3	3	3	3	3	10	10	10	10	3	3	3	3	3	3	3	3	3 18	3	3	3	3	3	3	3	3	3	3	3	3	3	3	3	3	3	10	10	10	3	3	3	3	3	3	3	3	3	3	3	3	3	3	3	3	3	3	3	3	3	3	3	3	3	NA	3	10	10	3	3	3	3	3	3	3	3	3	3	3	10	3	3	3	3	3	3	3	3	3	3	16	NA	3 2 3 5 6 11	NA	10 12	10	NA	10	10	10	NA
the trousers	5	5	5	5	5	5	5	19	5 5	1	15	5	NA	NA	17	10	5	11	5	12 5	5	9	7	5	11	16 5	16	5	16 16	16 5	16 5	18 5	18	5	18	10	10	10	10	10	10	10	10	7	7	7	7	7	7	7	5	5	5	5	5	18	5	5	5	13 5	5	5	5	5	5	5	5	10 5	5	5	5	5	5	5	5	5	5	5	5	7	7	8	11	11	7	7	7	5	5 5	5	5	5	5	5	5	5	7	7	5	5	5	5	5	5	5	5	5	7	7	10	7	NA	20	5	5	5	18 5	5	5	5	5	5	5	5	5	5	18 5	5	5	5	5	16	16	16	16	NA	NA	2 4 5 5	3	6	20	20	20	20	20	NA
the turnip	5	2	1 2	2	1	2	1	15	2	7 7	7	7	NA	NA	14	NA	7	NA	NA	2	2	13	NA	2	NA	2	9 2	2	2 2	2	2	2	2	6	2	1	1	1	NA	8	1	1	8	6	6	12	1	1	1	1	2	NA	NA	NA	NA	2	2	2	2	2	1	1	1	1	11	11	NA	6 2	NA	1 2	1	1	1	1	1	10	2	2	2	NA	NA	NA	NA	NA	1	1	1	2	2	2	1 2	1 2	2	2	4	4	1	1	NA	3	2	4	4	6	6 2	3	NA	2	2	7	1	NA	NA	2	2	2	2	2	2	1 2 6	1	1 2	1	1 2	NA	NA	6	NA	2	2	13 2	2	6	NA	2	7	7	7	NA	NA	NA	NA	NA	NA	NA	1
the voice	4	5	5	5	17	5	5	12	15	7	12	5	3	13	8	13	4	12 16 5	13	8 5 19	5	10	5	14 5	12	5	5	5	5 5	5	5	14 5	14	14	14	18	18	18	18	18	18	18	18	5	5	5	5	5	5	5	5	13	13	13	13	14	14	5	14 5	5	5	5	5	5	5	5	5	5	5	5	5	5	5	5	5	11	5	15 5	15	5	5	12	12	12	5	5	5	15 5	5	5	5	5	5	5	4	4	5	5	5	5	5	4	4	4	5	5	5	5	5	13	5	13	13	14 5 5	5	5	5	5	15	9	5	5 20	5	9 5	13	5	5	5	5	14	5	5	5	5	5	13	13	6	1	2 3	13	13	13	13	13	5
the wall	1 8	20	20	20	20	20	20	9	20	4 6 6	11	3	9	11	15	11	8	18	11	17 21	20	16	13	20	19	3	3	3	3 3	3	3	20	20	20	20	12	12	12	10	12	10 12	12	10	3	3	3	13	13	13	13	3	11	11	11	11	20	20	20	20	20	20	20	20	20	20	20	20	20	20	20	20	20	20	20	20	20	20	20	20	13	13	19	19	19	13	13	13	20	20	20	20	20	20	20	1 8	1	1 3	3	3	3	1 5	1	1	1	3	3	3	1	14	11	13	11	11	20	20	20	20	20	20	20	20	20	20	20	11	20	20	20	20	20	20	3	3	3	3	11	11	6 6	2	9	11	11	11	11	11	11
the watermelon	3	9	9	9	9	9	9	3	8	1	3	3	NA	3	3	3	4	3	7	3	9	5	NA	7	3	3	5	5	3 3	3	3	7	7	7	7	6	6	6	6	6	6	6	6	3	3	3	3	3	3	3	3	7	7	7	7	7	7	7	7	7	7	7	7	7	3	9 3	3	3	3	7	7	7	7	7	7	8	8	8	8	3	3	5	3	3	3	3	3	8	7	7	7	7	7	7	3	3	3	3	3	3	3	3	3	3	3	3	3	3	3	3	3	NA	3	7	7	7	7	7	8	9	9	9	9	9	NA	NA	7	7	7	7	7	3	3	3	3	3	3	1 2 5	NA	NA	3	3	3	3	3	3
the wedding	4	14	12 14	14	14	14	14	1	19	7 9 7	1	8	1	NA	11	1	4	1 10 16 10	1	8	14	17	2 8	18	1	8	8	8	8 8	8	8	18	18	18	18	15	15	15	15	15	15	15	15	2	2	2	2	2	2	2	8	1	1	1	1	18	18	18	18	18	18	18	18	18	8	8	NA	12 8	20	18	18	18	18	18	18	19	19	19	19	2	2	1	1	1	2	2	2	19	18	18	18	18	18	18	4	4	2	2	8	8	8	4	4	4	8	8	8	2	2	NA	2	13	13	18	18	18	18	18	19	14	14	14	14	14	1	18	18	18	18	18	18	8	8	8	8 8	16	16	3 5	6	1	1	NA	1	1	1	1
the week	3	2	2	2	6 2	2	2	1	2	4	1	2	1	7	3	7	3	1	7	8	2	9	2	2	1	2	2	2	2 9 2	2	2	2	NA	6 2	NA	8	8	8	8	8	8	8	8	2	2	2	2	2	2	2	2	7	7	7	7	2	6	2	2	6	2	2	NA	2	2	2	2	2 2	2	2	2 9	2	2	2	2	9	2	2	2	2	2	9	NA	1	2	2	2	2	2	2	2	2	NA	2	3	3	2	2	2	2	2	3	3	3	2	2	2	2	2	7	2	1	1	2	2	6 2	2	2	2	2	2	2	6 2	2	7	2	2	2	6	2	6	2	2	6	6	7	7	2	5	1	7	NA	7	7	7	10
the wheel	8	1	1	1	1	1	1	6	23	2	15 16 1	8	6	NA	24	1	3	14	18	17	1	20	12 1	1	11	1	1	1	1 1	8	8	23	23	23	23	22	22	22	22	22	22	22	22	8	8	8	21	21	21	21	7 8	18	18	18	18	1	1	1	1	1	1	1	1	1	1	1	1	1	1	1	1	1	1	1	1	23	23	23	23	1	1	11	11	11	21	21	21	23	1	1	1	1	1	1	8	8	8	8	8	8 10	8	8	8	8	8	8 9	8	8	8	NA	1	19	19	1	1	1	1	1	23	1	1	1	1	1	13	1	1	1	1	1	1	1	1	1	1	NA	NA	4 8	5	6	24	24	24	24	24 1	NA
the whip	6 3	12	12	12	12	12	12	15	3	3 7	22	3 12 26	NA	13	28	23	9	27	NA	3	3 18	14 21	3	12	27	12	12 3	12	12 12	12	12	12	NA	12	12	16	16	16	16	16	16	20 27	16	25	25	25	3	3	3	3	3	13	13	13	13	12	12	12	12	12	12	12	12	12	3	3	3	3	3	12	12	12	12	12	12	3	3	3	3	3	NA	27	NA	27	3	3	3	3	12	12	12	12	12	12	3	3	25	25	3	3	3	4 3	3	3	3	3	3	3	3	23	18	NA	24	12	12	12	12	12	3	12	12	12	12	12	13	NA	12	12	12	12	17	NA	12	NA	12	23	23	1 2 3 5 8 10	NA	NA	13	13	NA	NA	13	29
the widow	3	25	25	25	25	25	25	5	6	1	5	2	5	5	13	23	3	5 19	5	18 2	25	9	10 15 25	8	5	2	2	2	2 2	2	2	12	12	12	12	16	16	16	16	16	16	16	16	22	22	22	17	17	17	17	2	5	5	5	5	12	12	12	12	7	7	7	7	7	25	11 20 21	25	25	25	7	7	7	7	7	7	6	6	6	6	25	25	NA	5	5	25	25	25	6	7	7	7	7	7	7	3	3	22	22	2	2	2	3	3	3	2	2	2	2	2	23 23	25	NA	5	14	12	12	7	7	6	25	25	25	25	25	5	12	12	12	NA	12	7	2	2	24	NA	23	23	4	5	5	5	5	5	5	5	5
the window	7	16	16	16	16	16	16	17	1	5 8	12	15 15 7	10	14	19	14	7	11	14	22	16	21	13	23 24	11	15 15 7	7	7	7 7	7	7	23	23	23	23	20	20	20	20	20	20	20	20	13	13	13	13	13	13	13	7	14	14	14	14	23	23	23	23	23	24	24	24	24	1	1	NA	1	1	24	24	24	24	24	24	1	1	1	1	13	13	11	11	11	13	13	13	16	24	24	24	24	24	24	7	7	13	13	7	7	7	7	7	2	7	7	7	13	13	14	13	14	14	23	23	23	23	23	1	16	16	16	16	16	14	23	23	23	23	23	23	15 15 7	7	7	NA	14	14	3 6 7 1	4	10	14	NA	14	14	14	25
the wine	11	3	3	3	3	3	3	11	3 3	5	7 8 3	3 10	11	8	3	3	11	11 8	NA	7 3	4	4	3	3	4	3	3 10	3	3 3	3	3	3	3	3	3	3	3	3	3	3	3	3	3	3	3	3	3	3	3	3	3	NA	4	3	4	3	3	3	3	3	3	3	3	3	3	3	3	3	3	3	3	3	3	3	3	3	3	3	3	3	3	4	3	3	3	3	3	3	3	3	3	3	3	3	11	11	3	3	3	3	3	11	11	11	3	3	3	3	3	3	3	NA	4	3	3	3	3	3	3	3	3	3	3	3	4	NA	3	3	3	3	3	3	3	3	3	7	3	1 2 6	3	11	12	4	4 3	4	13	3
the wing	11	14	14	14	14	14	14	4	19	5	7	11	NA	7	18	15	10	NA	15	11	14	21	11 6	17 19	NA	11	11	11	11 11	11	11	19	19	19	19	12	12	12	12	12	12	12	12	11	11	11	11	11	11	11	11	15	15	15	15	19	19	19	19	19	17	17	17	17	14	14	NA	14	14	17 19	19	19	19	17	19	16	16	16	16	20	20	13	13	13	11	11	11	20	17	17	19	19	17	17	11	11	11	11	11	11	11	11	11	11	11	11	11	NA	NA	15	20	15	15	19	19	19	19	19	19	14	14	14	14	14	15	19	19	19	19	19	19	11	11	11	NA	15	15	1 3 5 11 8 9 9	2	4	NA	18	18	18	19	21
the wolf	2	2	2	2	2	2	2	1	15	3	1	2	1	NA	10	NA	NA	1	1 16	9	2	11	12	2	1	7	2 7	7	7 7	7	7	2	2	2	2	1	1	1	1	1	1	1	1	2	2	2	12	12	12	12	2 7	1	1	1	1	2	2	2	2	2	2	2	2	2	2	2	2	2	2	2	2	2	2	2	2	13	15	15	13	12	12	1	1	1	12	12	12	15	2	2	2	2	2	2	2	2	2	2	2	2	2	6	6 2	2	2	2	2	NA	17	NA	12	1	1	2	2	2	2	2	15	2	2	2	2	2	1	2	2	2	2	2	2	7	2 7	7	7	NA	NA	4 8	5	1	1	1	1	1	1	1
the work	6 7	16	16	16	16	16	16	3	20	1	3	4	3	22	11	19	6	4 10 4 3 26	24	4	16	23	16	14 20 27	3	4	4	4	4 4	4	4	20	20	20	20	9	15	9 15	15	15	15	15	15	4	4	4	21	21	21	21	4	24	24	24	24	20	20	20	20	20	20	20	20	20	16	NA	NA	16	16	20	20	20	20	20	20	17	17	17	17	16	16	3	3	3	16	16	16	17 20	20	20	20	20	20	20	7	7	4	4	4	4	4	7	7	7	4	4	4	4	4	NA	16	18	18	20	20	20	20	20	17	16	16	16	16	16	25	20	20	20	20	20	20	4	4	4	4	3	3	17	2	3	3	NA	3	25	25 3	3
the worm	2	25	33	33	33	25	33	1	27	3 3	16 25 30 31	8	NA	30	28	21	2	14 17 30 30 31	14 20 29 30	31	25	32	13 27	24 27	12	8	8	8	8 8 8	8	8	33	15	33	15	27	27	27	27	27	27	27	27	18	27	18	27	27	27	27	9	NA	NA	22	22	27	27	33	33	27	27 33	33	27 33	33	33	33	33	33	33	27 33	33	33	33	27	33	27	27	27	27	27	27	19	19	19	27	27	27	27	33	27	27 33	33	33	27	2	2	11	NA	NA	8 9	8	2	2	2	8 9	8 9	8	11	NA	21	27	14	14	33	27 33	27 33	27	15 27	27	33	33	33	33	33	NA	27	33	27	27	33	33	8	23	23	NA	21	21	3 3 4 5 6 6 10	27	1	14	NA	14 34	14	31	16 16
the year	5	9	9	9	9	9	2	3	9	1 4	11 4	2	3	12	4	12	5	10	12	2	9	6	NA	9	10	2	2 2	2	2 2	2	2	9	9	9	9	7	7	7	7	7	7	7	7	4	4	4	4	4	4	4	2	12	12	12	12	9	9	9	9	9	9	9	9	9	9	9	9	9	9	9	9	9	9	9	9	9	9	9	9	4	4	10	10	10	4	4	4	9	9	9	9	9	9	9	5	5	4	4	2	2	2	5	5	5	2	2	2	8 4	NA	12	4	12	12	9	9	9	9	9	9	9	9	9	9	9	12	9	9	9	9	9	9	2	2	2	2	12	12	4	4	3	12	12	12	12	12	4
the clothing, or, clothes	NA	NA	NA	NA	NA	NA	NA	NA	NA	NA	NA	NA	NA	NA	NA	NA	NA	NA	NA	NA	NA	NA	NA	NA	NA	NA	NA	NA	NA	NA	NA	NA	NA	NA	NA	NA	NA	NA	NA	NA	NA	NA	NA	NA	NA	NA	NA	NA	NA	NA	NA	NA	NA	NA	NA	NA	NA	NA	NA	NA	NA	NA	NA	NA	NA	NA	NA	NA	NA	NA	NA	NA	NA	NA	NA	NA	NA	NA	NA	NA	NA	NA	NA	NA	NA	NA	NA	NA	NA	NA	NA	NA	NA	NA	NA	NA	NA	NA	NA	NA	NA	NA	NA	NA	NA	NA	NA	NA	NA	NA	NA	NA	NA	NA	NA	NA	NA	NA	NA	NA	NA	NA	NA	NA	NA	NA	NA	NA	NA	NA	NA	NA	NA	NA	NA	NA	NA	NA	NA	NA	NA	NA	NA	NA	NA	30
the fairy, tale	NA	NA	NA	NA	NA	NA	NA	NA	NA	NA	NA	NA	NA	NA	NA	NA	NA	NA	NA	NA	NA	NA	NA	NA	NA	NA	NA	NA	NA	NA	NA	NA	NA	NA	NA	NA	NA	NA	NA	NA	NA	NA	NA	NA	NA	NA	NA	NA	NA	NA	NA	NA	NA	NA	NA	NA	NA	NA	NA	NA	NA	NA	NA	NA	NA	NA	NA	NA	NA	NA	NA	NA	NA	NA	NA	NA	NA	NA	NA	NA	NA	NA	NA	NA	NA	NA	NA	NA	NA	NA	NA	NA	NA	NA	NA	NA	NA	NA	NA	NA	NA	NA	NA	NA	NA	NA	NA	NA	NA	NA	NA	NA	NA	NA	NA	NA	NA	NA	NA	NA	NA	NA	NA	NA	NA	NA	NA	NA	NA	NA	NA	NA	NA	NA	NA	NA	NA	NA	NA	NA	NA	NA	NA	NA	NA	2
the fermented, drink	NA	NA	NA	NA	NA	NA	NA	NA	NA	NA	NA	NA	NA	NA	NA	NA	NA	NA	NA	NA	NA	NA	NA	NA	NA	NA	NA	NA	NA	NA	NA	NA	NA	NA	NA	NA	NA	NA	NA	NA	NA	NA	NA	NA	NA	NA	NA	NA	NA	NA	NA	NA	NA	NA	NA	NA	NA	NA	NA	NA	NA	NA	NA	NA	NA	NA	NA	NA	NA	NA	NA	NA	NA	NA	NA	NA	NA	NA	NA	NA	NA	NA	NA	NA	NA	NA	NA	NA	NA	NA	NA	NA	NA	NA	NA	NA	NA	NA	NA	NA	NA	NA	NA	NA	NA	NA	NA	NA	NA	NA	NA	NA	NA	NA	NA	NA	NA	NA	NA	NA	NA	NA	NA	NA	NA	NA	NA	NA	NA	NA	NA	NA	NA	NA	NA	NA	NA	NA	NA	NA	NA	NA	NA	NA	NA	5
the shade, or, shadow	NA	NA	NA	NA	NA	NA	NA	NA	NA	NA	NA	NA	NA	NA	NA	NA	NA	NA	NA	NA	NA	NA	NA	NA	NA	NA	NA	NA	NA	NA	NA	NA	NA	NA	NA	NA	NA	NA	NA	NA	NA	NA	NA	NA	NA	NA	NA	NA	NA	NA	NA	NA	NA	NA	NA	NA	NA	NA	NA	NA	NA	NA	NA	NA	NA	NA	NA	NA	NA	NA	NA	NA	NA	NA	NA	NA	NA	NA	NA	NA	NA	NA	NA	NA	NA	NA	NA	NA	NA	NA	NA	NA	NA	NA	NA	NA	NA	NA	NA	NA	NA	NA	NA	NA	NA	NA	NA	NA	NA	NA	NA	NA	NA	NA	NA	NA	NA	NA	NA	NA	NA	NA	NA	NA	NA	NA	NA	NA	NA	NA	NA	NA	NA	NA	NA	NA	NA	NA	NA	NA	NA	NA	NA	NA	NA	7